-- MySQL dump 10.13  Distrib 8.0.41, for Win64 (x86_64)
--
-- Host: localhost    Database: valex
-- ------------------------------------------------------
-- Server version	8.0.41

/*!40101 SET @OLD_CHARACTER_SET_CLIENT=@@CHARACTER_SET_CLIENT */;
/*!40101 SET @OLD_CHARACTER_SET_RESULTS=@@CHARACTER_SET_RESULTS */;
/*!40101 SET @OLD_COLLATION_CONNECTION=@@COLLATION_CONNECTION */;
/*!50503 SET NAMES utf8 */;
/*!40103 SET @OLD_TIME_ZONE=@@TIME_ZONE */;
/*!40103 SET TIME_ZONE='+00:00' */;
/*!40014 SET @OLD_UNIQUE_CHECKS=@@UNIQUE_CHECKS, UNIQUE_CHECKS=0 */;
/*!40014 SET @OLD_FOREIGN_KEY_CHECKS=@@FOREIGN_KEY_CHECKS, FOREIGN_KEY_CHECKS=0 */;
/*!40101 SET @OLD_SQL_MODE=@@SQL_MODE, SQL_MODE='NO_AUTO_VALUE_ON_ZERO' */;
/*!40111 SET @OLD_SQL_NOTES=@@SQL_NOTES, SQL_NOTES=0 */;

--
-- Table structure for table `atividade`
--

DROP TABLE IF EXISTS `atividade`;
/*!40101 SET @saved_cs_client     = @@character_set_client */;
/*!50503 SET character_set_client = utf8mb4 */;
CREATE TABLE `atividade` (
  `id` int NOT NULL AUTO_INCREMENT,
  `produtor_id` int NOT NULL,
  `fazenda_id` int NOT NULL,
  `variedade_id` int NOT NULL,
  `tipo_atividade` varchar(20) NOT NULL,
  `quantidade_pallets` int NOT NULL,
  `created_at` timestamp NULL DEFAULT CURRENT_TIMESTAMP,
  `updated_at` timestamp NULL DEFAULT CURRENT_TIMESTAMP ON UPDATE CURRENT_TIMESTAMP,
  PRIMARY KEY (`id`),
  KEY `produtor_id` (`produtor_id`),
  KEY `fazenda_id` (`fazenda_id`),
  KEY `variedade_id` (`variedade_id`),
  CONSTRAINT `atividade_ibfk_2` FOREIGN KEY (`fazenda_id`) REFERENCES `fazenda` (`id`),
  CONSTRAINT `atividade_ibfk_3` FOREIGN KEY (`variedade_id`) REFERENCES `variedade` (`id`),
  CONSTRAINT `atividade_produtor_fk` FOREIGN KEY (`produtor_id`) REFERENCES `produtor` (`id`)
) ENGINE=InnoDB AUTO_INCREMENT=2 DEFAULT CHARSET=utf8mb4 COLLATE=utf8mb4_0900_ai_ci;
/*!40101 SET character_set_client = @saved_cs_client */;

--
-- Dumping data for table `atividade`
--

LOCK TABLES `atividade` WRITE;
/*!40000 ALTER TABLE `atividade` DISABLE KEYS */;
INSERT INTO `atividade` VALUES (1,1,3,3,'EMBALAGEM',10,'2025-02-08 18:09:34','2025-02-08 15:25:03');
/*!40000 ALTER TABLE `atividade` ENABLE KEYS */;
UNLOCK TABLES;

--
-- Table structure for table `fazenda`
--

DROP TABLE IF EXISTS `fazenda`;
/*!40101 SET @saved_cs_client     = @@character_set_client */;
/*!50503 SET character_set_client = utf8mb4 */;
CREATE TABLE `fazenda` (
  `id` int NOT NULL AUTO_INCREMENT,
  `nome` varchar(100) NOT NULL,
  `area_parcela` varchar(20) NOT NULL,
  `produtor_id` int NOT NULL,
  `variedade_id` int NOT NULL,
  `created_at` timestamp NULL DEFAULT CURRENT_TIMESTAMP,
  `updated_at` timestamp NULL DEFAULT CURRENT_TIMESTAMP ON UPDATE CURRENT_TIMESTAMP,
  PRIMARY KEY (`id`),
  KEY `produtor_id` (`produtor_id`),
  KEY `variedade_id` (`variedade_id`),
  KEY `idx_fazenda_area_parcela` (`area_parcela`),
  CONSTRAINT `fazenda_ibfk_2` FOREIGN KEY (`variedade_id`) REFERENCES `variedade` (`id`),
  CONSTRAINT `fazenda_produtor_fk` FOREIGN KEY (`produtor_id`) REFERENCES `produtor` (`id`)
) ENGINE=InnoDB AUTO_INCREMENT=268 DEFAULT CHARSET=utf8mb4 COLLATE=utf8mb4_0900_ai_ci;
/*!40101 SET character_set_client = @saved_cs_client */;

--
-- Dumping data for table `fazenda`
--

LOCK TABLES `fazenda` WRITE;
/*!40000 ALTER TABLE `fazenda` DISABLE KEYS */;
INSERT INTO `fazenda` VALUES (1,'FAZENDA PLANALTO','PLANALTO 1',1,1,'2025-02-05 13:38:43','2025-02-08 15:24:52'),(2,'FAZENDA PLANALTO','PLANALTO 1.1',1,2,'2025-02-05 13:38:43','2025-02-08 15:24:52'),(3,'FAZENDA PLANALTO','PLANALTO 10',1,3,'2025-02-05 13:38:43','2025-02-08 15:24:52'),(4,'FAZENDA PLANALTO','PLANALTO 11',1,1,'2025-02-05 13:38:43','2025-02-08 15:24:52'),(5,'FAZENDA PLANALTO','PLANALTO 15',1,4,'2025-02-05 13:38:43','2025-02-08 15:24:52'),(6,'FAZENDA PLANALTO','PLANALTO 16',1,4,'2025-02-05 13:38:43','2025-02-08 15:24:52'),(7,'FAZENDA PLANALTO','PLANALTO 2',1,1,'2025-02-05 13:38:43','2025-02-08 15:24:52'),(8,'FAZENDA PLANALTO','PLANALTO 25',1,3,'2025-02-05 13:38:43','2025-02-08 15:24:52'),(9,'FAZENDA PLANALTO','PLANALTO 26',1,3,'2025-02-05 13:38:43','2025-02-08 15:24:52'),(10,'FAZENDA PLANALTO','PLANALTO 27',1,3,'2025-02-05 13:38:43','2025-02-08 15:24:52'),(11,'FAZENDA PLANALTO','PLANALTO 28',1,3,'2025-02-05 13:38:43','2025-02-08 15:24:52'),(12,'FAZENDA PLANALTO','PLANALTO 29',1,3,'2025-02-05 13:38:43','2025-02-08 15:24:52'),(13,'FAZENDA PLANALTO','PLANALTO 2A',1,4,'2025-02-05 13:38:43','2025-02-08 15:24:52'),(14,'FAZENDA PLANALTO','PLANALTO 2B',1,4,'2025-02-05 13:38:43','2025-02-08 15:24:52'),(15,'FAZENDA PLANALTO','PLANALTO 3',1,1,'2025-02-05 13:38:43','2025-02-08 15:24:52'),(16,'FAZENDA PLANALTO','PLANALTO 30',1,3,'2025-02-05 13:38:43','2025-02-08 15:24:52'),(17,'FAZENDA PLANALTO','PLANALTO 31',1,3,'2025-02-05 13:38:43','2025-02-08 15:24:52'),(18,'FAZENDA PLANALTO','PLANALTO 32',1,3,'2025-02-05 13:38:43','2025-02-08 15:24:52'),(19,'FAZENDA PLANALTO','PLANALTO 33',1,3,'2025-02-05 13:38:43','2025-02-08 15:24:52'),(20,'FAZENDA PLANALTO','PLANALTO 34',1,3,'2025-02-05 13:38:43','2025-02-08 15:24:52'),(21,'FAZENDA PLANALTO','PLANALTO 35',1,3,'2025-02-05 13:38:43','2025-02-08 15:24:52'),(22,'FAZENDA PLANALTO','PLANALTO 36',1,3,'2025-02-05 13:38:43','2025-02-08 15:24:52'),(23,'FAZENDA PLANALTO','PLANALTO 37',1,3,'2025-02-05 13:38:43','2025-02-08 15:24:52'),(24,'FAZENDA PLANALTO','PLANALTO 38',1,3,'2025-02-05 13:38:43','2025-02-08 15:24:52'),(25,'FAZENDA PLANALTO','PLANALTO 39',1,3,'2025-02-05 13:38:43','2025-02-08 15:24:52'),(26,'FAZENDA PLANALTO','PLANALTO 3A',1,3,'2025-02-05 13:38:43','2025-02-08 15:24:52'),(27,'FAZENDA PLANALTO','PLANALTO 3B',1,3,'2025-02-05 13:38:43','2025-02-08 15:24:52'),(28,'FAZENDA PLANALTO','PLANALTO 4',1,4,'2025-02-05 13:38:43','2025-02-08 15:24:52'),(29,'FAZENDA PLANALTO','PLANALTO 40',1,3,'2025-02-05 13:38:43','2025-02-08 15:24:52'),(30,'FAZENDA PLANALTO','PLANALTO 9',1,3,'2025-02-05 13:38:43','2025-02-08 15:24:52'),(31,'NICOLE FRUITS','A 1',3,3,'2025-02-05 13:38:43','2025-02-08 15:49:48'),(32,'NICOLE FRUITS','A 2.1',3,1,'2025-02-05 13:38:43','2025-02-08 15:49:48'),(33,'NICOLE FRUITS','A 2.2',3,1,'2025-02-05 13:38:43','2025-02-08 15:49:48'),(34,'NICOLE FRUITS','A 2.3',3,2,'2025-02-05 13:38:43','2025-02-08 15:49:48'),(35,'NICOLE FRUITS','A 3',3,5,'2025-02-05 13:38:43','2025-02-08 15:49:48'),(36,'NICOLE FRUITS','A 3.1',3,5,'2025-02-05 13:38:43','2025-02-08 15:49:48'),(37,'NICOLE FRUITS','A 3.2',3,5,'2025-02-05 13:38:43','2025-02-08 15:49:48'),(38,'NICOLE FRUITS','A 4',3,3,'2025-02-05 13:38:43','2025-02-08 15:49:48'),(39,'NICOLE FRUITS','A 5',3,3,'2025-02-05 13:38:43','2025-02-08 15:49:48'),(40,'NICOLE FRUITS','A A2.1',3,2,'2025-02-05 13:38:43','2025-02-08 15:49:48'),(41,'NICOLE FRUITS','A A4.1',3,5,'2025-02-05 13:38:43','2025-02-08 15:49:48'),(42,'NICOLE FRUITS','C 1',3,3,'2025-02-05 13:38:43','2025-02-08 15:49:48'),(43,'NICOLE FRUITS','C 2',3,5,'2025-02-05 13:38:43','2025-02-08 15:49:48'),(44,'NICOLE FRUITS','C 2.1',3,5,'2025-02-05 13:38:43','2025-02-08 15:49:48'),(45,'NICOLE FRUITS','C 3',3,3,'2025-02-05 13:38:43','2025-02-08 15:49:48'),(46,'NICOLE FRUITS','C 4',3,3,'2025-02-05 13:38:43','2025-02-08 15:49:48'),(47,'NICOLE FRUITS','C 5',3,3,'2025-02-05 13:38:43','2025-02-08 15:49:48'),(48,'NICOLE FRUITS','C 6',3,4,'2025-02-05 13:38:43','2025-02-08 15:49:48'),(49,'NICOLE FRUITS','N 1',3,4,'2025-02-05 13:38:43','2025-02-08 15:49:48'),(50,'NICOLE FRUITS','N 2',3,5,'2025-02-05 13:38:43','2025-02-08 15:49:48'),(51,'NICOLE FRUITS','N 2.1',3,5,'2025-02-05 13:38:43','2025-02-08 15:49:48'),(52,'NICOLE FRUITS','N 3',3,3,'2025-02-05 13:38:43','2025-02-08 15:49:48'),(53,'NICOLE FRUITS','N 4',3,4,'2025-02-05 13:38:43','2025-02-08 15:49:48'),(54,'NICOLE FRUITS','N 5',3,3,'2025-02-05 13:38:43','2025-02-08 15:49:48'),(55,'NICOLE FRUITS','N 6',3,3,'2025-02-05 13:38:43','2025-02-08 15:49:48'),(56,'NICOLE FRUITS','N 7',3,6,'2025-02-05 13:38:43','2025-02-08 15:49:48'),(57,'NICOLE FRUITS','N 8',3,3,'2025-02-05 13:38:43','2025-02-08 15:49:48'),(58,'NICOLE FRUITS','N 9',3,3,'2025-02-05 13:38:43','2025-02-08 15:49:48'),(59,'MACEDO FRUTICULTURA','AREA A 1',8,3,'2025-02-05 13:38:43','2025-02-08 15:49:48'),(60,'MACEDO FRUTICULTURA','AREA A 2',8,3,'2025-02-05 13:38:43','2025-02-08 15:49:48'),(61,'MACEDO FRUTICULTURA','AREA A 3',8,3,'2025-02-05 13:38:43','2025-02-08 15:49:48'),(62,'MACEDO FRUTICULTURA','AREA A 4',8,3,'2025-02-05 13:38:43','2025-02-08 15:49:48'),(63,'MACEDO FRUTICULTURA','AREA A 5',8,1,'2025-02-05 13:38:43','2025-02-08 15:49:48'),(64,'MACEDO FRUTICULTURA','AREA A 5.1',8,2,'2025-02-05 13:38:43','2025-02-08 15:49:48'),(65,'MACEDO FRUTICULTURA','AREA A 6',8,3,'2025-02-05 13:38:43','2025-02-08 15:49:48'),(66,'MACEDO FRUTICULTURA','AREA B 1',8,3,'2025-02-05 13:38:43','2025-02-08 15:49:48'),(67,'MACEDO FRUTICULTURA','AREA B 2',8,3,'2025-02-05 13:38:43','2025-02-08 15:49:48'),(68,'MACEDO FRUTICULTURA','AREA B 3',8,3,'2025-02-05 13:38:43','2025-02-08 15:49:48'),(69,'MACEDO FRUTICULTURA','AREA B 4',8,1,'2025-02-05 13:38:43','2025-02-08 15:49:48'),(70,'MACEDO FRUTICULTURA','AREA B 4.1',8,2,'2025-02-05 13:38:43','2025-02-08 15:49:48'),(71,'MACEDO FRUTICULTURA','AREA C 1',8,3,'2025-02-05 13:38:43','2025-02-08 15:49:48'),(72,'MACEDO FRUTICULTURA','AREA C 2',8,3,'2025-02-05 13:38:43','2025-02-08 15:49:48'),(73,'MACEDO FRUTICULTURA','AREA C 3',8,3,'2025-02-05 13:38:43','2025-02-08 15:49:48'),(74,'DIVINA PASTORA','AREA A 1',9,3,'2025-02-05 13:38:43','2025-02-08 15:49:48'),(75,'DIVINA PASTORA','AREA A 10',9,3,'2025-02-05 13:38:43','2025-02-08 15:49:48'),(76,'DIVINA PASTORA','AREA A 11',9,3,'2025-02-05 13:38:43','2025-02-08 15:49:48'),(77,'DIVINA PASTORA','AREA A 12',9,3,'2025-02-05 13:38:43','2025-02-08 15:49:48'),(78,'DIVINA PASTORA','AREA A 2',9,3,'2025-02-05 13:38:43','2025-02-08 15:49:48'),(79,'DIVINA PASTORA','AREA A 3',9,3,'2025-02-05 13:38:43','2025-02-08 15:49:48'),(80,'DIVINA PASTORA','AREA A 4',9,3,'2025-02-05 13:38:43','2025-02-08 15:49:48'),(81,'DIVINA PASTORA','AREA A 5',9,3,'2025-02-05 13:38:43','2025-02-08 15:49:48'),(82,'DIVINA PASTORA','AREA A 6',9,3,'2025-02-05 13:38:43','2025-02-08 15:49:48'),(83,'DIVINA PASTORA','AREA A 7',9,3,'2025-02-05 13:38:43','2025-02-08 15:49:48'),(84,'DIVINA PASTORA','AREA A 8',9,3,'2025-02-05 13:38:43','2025-02-08 15:49:48'),(85,'DIVINA PASTORA','AREA A 9',9,3,'2025-02-05 13:38:43','2025-02-08 15:49:48'),(86,'DIVINA PASTORA','AREA B 1',9,1,'2025-02-05 13:38:43','2025-02-08 15:49:48'),(87,'DIVINA PASTORA','AREA B 10',9,4,'2025-02-05 13:38:43','2025-02-08 15:49:48'),(88,'DIVINA PASTORA','AREA B 2',9,1,'2025-02-05 13:38:43','2025-02-08 15:49:48'),(89,'DIVINA PASTORA','AREA B 2.1',9,2,'2025-02-05 13:38:43','2025-02-08 15:49:48'),(90,'DIVINA PASTORA','AREA B 3',9,1,'2025-02-05 13:38:43','2025-02-08 15:49:48'),(91,'DIVINA PASTORA','AREA B 4',9,4,'2025-02-05 13:38:43','2025-02-08 15:49:48'),(92,'DIVINA PASTORA','AREA B 5',9,4,'2025-02-05 13:38:43','2025-02-08 15:49:48'),(93,'DIVINA PASTORA','AREA B 9',9,4,'2025-02-05 13:38:43','2025-02-08 15:49:48'),(94,'DIVINA PASTORA','AREA C 1',9,3,'2025-02-05 13:38:43','2025-02-08 15:49:48'),(95,'DIVINA PASTORA','AREA C 2',9,3,'2025-02-05 13:38:43','2025-02-08 15:49:48'),(96,'DIVINA PASTORA','AREA C 3',9,3,'2025-02-05 13:38:43','2025-02-08 15:49:48'),(97,'DIVINA PASTORA','AREA C 4',9,3,'2025-02-05 13:38:43','2025-02-08 15:49:48'),(98,'DIVINA PASTORA','AREA D 1',9,7,'2025-02-05 13:38:43','2025-02-08 15:49:48'),(99,'DIVINA PASTORA','AREA D 2',9,7,'2025-02-05 13:38:43','2025-02-08 15:49:48'),(100,'DIVINA PASTORA','AREA D 3',9,7,'2025-02-05 13:38:43','2025-02-08 15:49:48'),(101,'DIVINA PASTORA','AREA D 4',9,7,'2025-02-05 13:38:43','2025-02-08 15:49:48'),(102,'VINES','AREA A 1',11,4,'2025-02-05 13:38:43','2025-02-08 15:49:48'),(103,'VINES','AREA A 2',11,4,'2025-02-05 13:38:43','2025-02-08 15:49:48'),(104,'VINES','AREA A 3',11,4,'2025-02-05 13:38:43','2025-02-08 15:49:48'),(105,'VINES','AREA B 1',11,4,'2025-02-05 13:38:43','2025-02-08 15:49:48'),(106,'VINES','AREA B 2',11,4,'2025-02-05 13:38:43','2025-02-08 15:49:48'),(107,'VINES','AREA B 3',11,8,'2025-02-05 13:38:43','2025-02-08 15:49:48'),(108,'VINES','AREA B 4',11,8,'2025-02-05 13:38:43','2025-02-08 15:49:48'),(109,'VINES','AREA B 5',11,8,'2025-02-05 13:38:43','2025-02-08 15:49:48'),(110,'VINES','AREA B 6',11,7,'2025-02-05 13:38:43','2025-02-08 15:49:48'),(111,'VINES','AREA C 1',11,4,'2025-02-05 13:38:43','2025-02-08 15:49:48'),(112,'VINES','AREA C 2',11,4,'2025-02-05 13:38:43','2025-02-08 15:49:48'),(113,'VINES','AREA C 3',11,4,'2025-02-05 13:38:43','2025-02-08 15:49:48'),(114,'VINES','AREA C 4',11,4,'2025-02-05 13:38:43','2025-02-08 15:49:48'),(115,'VINES','AREA C 5',11,4,'2025-02-05 13:38:43','2025-02-08 15:49:48'),(116,'VINES','AREA D 1',11,3,'2025-02-05 13:38:43','2025-02-08 15:49:48'),(117,'VINES','AREA D 2',11,3,'2025-02-05 13:38:43','2025-02-08 15:49:48'),(118,'VINES','AREA D 3',11,3,'2025-02-05 13:38:43','2025-02-08 15:49:48'),(119,'VINES','AREA D 4',11,3,'2025-02-05 13:38:43','2025-02-08 15:49:48'),(120,'VINES','AREA D 5',11,3,'2025-02-05 13:38:43','2025-02-08 15:49:48'),(121,'VINES','AREA E 1',11,3,'2025-02-05 13:38:43','2025-02-08 15:49:48'),(122,'VINES','AREA E 2',11,3,'2025-02-05 13:38:43','2025-02-08 15:49:48'),(123,'VINES','AREA E 3',11,3,'2025-02-05 13:38:43','2025-02-08 15:49:48'),(124,'VINES','AREA E 4',11,3,'2025-02-05 13:38:43','2025-02-08 15:49:48'),(125,'VINES','AREA E 5',11,3,'2025-02-05 13:38:43','2025-02-08 15:49:48'),(126,'VINES','AREA F F1',11,5,'2025-02-05 13:38:43','2025-02-08 15:49:48'),(127,'VINES','AREA F F1.1',11,5,'2025-02-05 13:38:43','2025-02-08 15:49:48'),(128,'VINES','AREA F F2',11,5,'2025-02-05 13:38:43','2025-02-08 15:49:48'),(129,'VINES','AREA F F2.1',11,5,'2025-02-05 13:38:43','2025-02-08 15:49:48'),(130,'VINES','AREA F F3',11,5,'2025-02-05 13:38:43','2025-02-08 15:49:48'),(131,'VINES','AREA F F3.1',11,5,'2025-02-05 13:38:43','2025-02-08 15:49:48'),(132,'VINES','AREA F F4',11,5,'2025-02-05 13:38:43','2025-02-08 15:49:48'),(133,'VINES','AREA F F4.1',11,5,'2025-02-05 13:38:43','2025-02-08 15:49:48'),(134,'VINES','AREA F F5',11,5,'2025-02-05 13:38:43','2025-02-08 15:49:48'),(135,'VINES','AREA F F5.1',11,5,'2025-02-05 13:38:43','2025-02-08 15:49:48'),(136,'VINES','AREA F F6',11,5,'2025-02-05 13:38:43','2025-02-08 15:49:48'),(137,'VINES','AREA F F6.1',11,5,'2025-02-05 13:38:43','2025-02-08 15:49:48'),(138,'VINES','AREA F F7',11,5,'2025-02-05 13:38:43','2025-02-08 15:49:48'),(139,'VINES','AREA F F7.1',11,5,'2025-02-05 13:38:43','2025-02-08 15:49:48'),(140,'VINES','AREA F F8',11,5,'2025-02-05 13:38:43','2025-02-08 15:49:48'),(141,'VINES','AREA F F8.1',11,5,'2025-02-05 13:38:43','2025-02-08 15:49:48'),(142,'VINES','AREA F F9',11,5,'2025-02-05 13:38:43','2025-02-08 15:49:48'),(143,'VINES','AREA F F9.1',11,5,'2025-02-05 13:38:43','2025-02-08 15:49:48'),(144,'VINES','AREA T 1',11,1,'2025-02-05 13:38:43','2025-02-08 15:49:48'),(145,'VINES','AREA T 2',11,2,'2025-02-05 13:38:43','2025-02-08 15:49:48'),(146,'FAZENDA AMARIZ','LOTE 1606 A1',4,3,'2025-02-05 13:38:43','2025-02-08 15:49:48'),(147,'FAZENDA AMARIZ','LOTE 1606 A10',4,3,'2025-02-05 13:38:43','2025-02-08 15:49:48'),(148,'FAZENDA AMARIZ','LOTE 1606 A2',4,3,'2025-02-05 13:38:43','2025-02-08 15:49:48'),(149,'FAZENDA AMARIZ','LOTE 1606 A3',4,3,'2025-02-05 13:38:43','2025-02-08 15:49:48'),(150,'FAZENDA AMARIZ','LOTE 1606 A4',4,3,'2025-02-05 13:38:43','2025-02-08 15:49:48'),(151,'FAZENDA AMARIZ','LOTE 1606 A5',4,3,'2025-02-05 13:38:43','2025-02-08 15:49:48'),(256,'FAZENDA VITORIA N2','N2',2,3,'2025-02-08 15:49:48','2025-02-08 15:49:48'),(257,'FAZENDA VITORIA N3','N3',2,3,'2025-02-08 15:49:48','2025-02-08 15:49:48'),(258,'FRUTOS DO VALE','AREA 1',10,3,'2025-02-08 15:49:48','2025-02-08 15:49:48'),(259,'LOTE ANJO GABRIEL PAI','AREA 1',10,3,'2025-02-08 15:49:48','2025-02-08 15:49:48'),(260,'FRUTOS DO VALE N07','N07',10,3,'2025-02-08 15:49:48','2025-02-08 15:49:48'),(261,'FRUTICULTURA MACEDO','AREA 1',5,3,'2025-02-08 15:49:48','2025-02-08 15:49:48'),(262,'FAZENDA PAI E FILHO AMARIZ LOTE744','LOTE 744',12,3,'2025-02-08 15:49:48','2025-02-08 15:49:48'),(263,'FAZENDA PAI E FILHO AMARIZ LOTE 745','LOTE 745',12,3,'2025-02-08 15:49:48','2025-02-08 15:49:48'),(264,'45 FAZENDA PAI E FILHO AMARIZ LOTE 783','LOTE 783',12,3,'2025-02-08 15:49:48','2025-02-08 15:49:48'),(265,'GRAPE VALLE','AREA 1',6,3,'2025-02-08 15:49:48','2025-02-08 15:49:48'),(266,'GRAPE VALLE 02','AREA 1',6,3,'2025-02-08 15:49:48','2025-02-08 15:49:48'),(267,'GOMES AGRÍCOLA','AREA 1',7,3,'2025-02-08 15:49:48','2025-02-08 15:49:48');
/*!40000 ALTER TABLE `fazenda` ENABLE KEYS */;
UNLOCK TABLES;

--
-- Table structure for table `produtor`
--

DROP TABLE IF EXISTS `produtor`;
/*!40101 SET @saved_cs_client     = @@character_set_client */;
/*!50503 SET character_set_client = utf8mb4 */;
CREATE TABLE `produtor` (
  `id` int NOT NULL AUTO_INCREMENT,
  `nome` varchar(100) NOT NULL,
  `ggn` varchar(13) DEFAULT NULL,
  `sigla` varchar(5) NOT NULL,
  `created_at` timestamp NULL DEFAULT CURRENT_TIMESTAMP,
  `updated_at` timestamp NULL DEFAULT CURRENT_TIMESTAMP ON UPDATE CURRENT_TIMESTAMP,
  PRIMARY KEY (`id`),
  UNIQUE KEY `uk_produtor_ggn` (`ggn`),
  KEY `idx_produtor_nome` (`nome`)
) ENGINE=InnoDB AUTO_INCREMENT=13 DEFAULT CHARSET=utf8mb4 COLLATE=utf8mb4_0900_ai_ci;
/*!40101 SET character_set_client = @saved_cs_client */;

--
-- Dumping data for table `produtor`
--

LOCK TABLES `produtor` WRITE;
/*!40000 ALTER TABLE `produtor` DISABLE KEYS */;
INSERT INTO `produtor` VALUES (1,'ADOLAR JOSE KOEHLER','4059883336481','AJK','2025-02-05 13:13:09','2025-02-08 15:24:32'),(2,'ALDEMIR DE ARAUJO RODRIGUES','4063651578850','ADA','2025-02-05 13:13:09','2025-02-08 15:24:32'),(3,'ANDERSON DE CASTRO AMORIM','4059883203837','ADC','2025-02-05 13:13:09','2025-02-08 15:24:32'),(4,'GERALDO DE ARAUJO AMARIZ','4063061936219','GDA','2025-02-05 13:13:09','2025-02-08 15:24:32'),(5,'GILDETE ANTUNES DE MACEDO','4063651122213','GAD','2025-02-05 13:13:09','2025-02-08 15:24:32'),(6,'JAIRO JOSE CAVALCANTI COELHO','4063651423860','JJC','2025-02-05 13:13:09','2025-02-08 15:24:32'),(7,'MARCELO GOMES PEREIRA','4063651365740','MGP','2025-02-05 13:13:09','2025-02-08 15:24:32'),(8,'MARCOS ANTONIO DE MACEDO',NULL,'MAD','2025-02-05 13:13:09','2025-02-08 15:24:32'),(9,'NADIR ANTONIO KOEHLER','4056186801357','NAK','2025-02-05 13:13:09','2025-02-08 15:24:32'),(10,'REGIVALDO LINO PEREIRA','4063651579666','RLP','2025-02-05 13:13:09','2025-02-08 15:24:32'),(11,'ROGERIA DE OLIVEIRA SOARES','4063061940087','RDO','2025-02-05 13:13:09','2025-02-08 15:24:32'),(12,'ROMULO NUNO SANTANA AMARIZ',NULL,'RNS','2025-02-05 13:13:09','2025-02-08 15:24:32');
/*!40000 ALTER TABLE `produtor` ENABLE KEYS */;
UNLOCK TABLES;

--
-- Table structure for table `variedade`
--

DROP TABLE IF EXISTS `variedade`;
/*!40101 SET @saved_cs_client     = @@character_set_client */;
/*!50503 SET character_set_client = utf8mb4 */;
CREATE TABLE `variedade` (
  `id` int NOT NULL AUTO_INCREMENT,
  `nome` varchar(50) NOT NULL,
  `created_at` timestamp NULL DEFAULT CURRENT_TIMESTAMP,
  `updated_at` timestamp NULL DEFAULT CURRENT_TIMESTAMP ON UPDATE CURRENT_TIMESTAMP,
  PRIMARY KEY (`id`),
  UNIQUE KEY `uk_variedade_nome` (`nome`),
  KEY `idx_variedade_nome` (`nome`)
) ENGINE=InnoDB AUTO_INCREMENT=10 DEFAULT CHARSET=utf8mb4 COLLATE=utf8mb4_0900_ai_ci;
/*!40101 SET character_set_client = @saved_cs_client */;

--
-- Dumping data for table `variedade`
--

LOCK TABLES `variedade` WRITE;
/*!40000 ALTER TABLE `variedade` DISABLE KEYS */;
INSERT INTO `variedade` VALUES (1,'TIMPSON','2025-02-05 12:39:45','2025-02-05 12:39:45'),(2,'SHEEGENE2','2025-02-05 12:39:45','2025-02-05 12:39:45'),(3,'VITORIA','2025-02-05 12:39:45','2025-02-05 12:39:45'),(4,'BRS ISIS','2025-02-05 12:39:45','2025-02-05 12:39:45'),(5,'ARRA15','2025-02-05 12:39:45','2025-02-05 12:39:45'),(6,'BRS MELODIA','2025-02-05 12:39:45','2025-02-05 12:39:45'),(7,'NUBIA','2025-02-05 12:39:45','2025-02-05 12:39:45'),(8,'ITALIA MOSCAT','2025-02-05 12:39:45','2025-02-05 12:39:45'),(9,'BENITAKA MELHORADA','2025-02-05 12:39:45','2025-02-05 12:39:45');
/*!40000 ALTER TABLE `variedade` ENABLE KEYS */;
UNLOCK TABLES;
/*!40103 SET TIME_ZONE=@OLD_TIME_ZONE */;

/*!40101 SET SQL_MODE=@OLD_SQL_MODE */;
/*!40014 SET FOREIGN_KEY_CHECKS=@OLD_FOREIGN_KEY_CHECKS */;
/*!40014 SET UNIQUE_CHECKS=@OLD_UNIQUE_CHECKS */;
/*!40101 SET CHARACTER_SET_CLIENT=@OLD_CHARACTER_SET_CLIENT */;
/*!40101 SET CHARACTER_SET_RESULTS=@OLD_CHARACTER_SET_RESULTS */;
/*!40101 SET COLLATION_CONNECTION=@OLD_COLLATION_CONNECTION */;
/*!40111 SET SQL_NOTES=@OLD_SQL_NOTES */;

-- Dump completed on 2025-02-08 12:52:00
