-- MySQL dump 10.13  Distrib 8.0.41, for Win64 (x86_64)
--
-- Host: localhost    Database: valex
-- ------------------------------------------------------
-- Server version	8.0.41

/*!40101 SET @OLD_CHARACTER_SET_CLIENT=@@CHARACTER_SET_CLIENT */;
/*!40101 SET @OLD_CHARACTER_SET_RESULTS=@@CHARACTER_SET_RESULTS */;
/*!40101 SET @OLD_COLLATION_CONNECTION=@@COLLATION_CONNECTION */;
/*!50503 SET NAMES utf8 */;
/*!40103 SET @OLD_TIME_ZONE=@@TIME_ZONE */;
/*!40103 SET TIME_ZONE='+00:00' */;
/*!40014 SET @OLD_UNIQUE_CHECKS=@@UNIQUE_CHECKS, UNIQUE_CHECKS=0 */;
/*!40014 SET @OLD_FOREIGN_KEY_CHECKS=@@FOREIGN_KEY_CHECKS, FOREIGN_KEY_CHECKS=0 */;
/*!40101 SET @OLD_SQL_MODE=@@SQL_MODE, SQL_MODE='NO_AUTO_VALUE_ON_ZERO' */;
/*!40111 SET @OLD_SQL_NOTES=@@SQL_NOTES, SQL_NOTES=0 */;

--
-- Table structure for table `atividade`
--

DROP TABLE IF EXISTS `atividade`;
/*!40101 SET @saved_cs_client     = @@character_set_client */;
/*!50503 SET character_set_client = utf8mb4 */;
CREATE TABLE `atividade` (
  `id` int NOT NULL AUTO_INCREMENT,
  `produtor_id` int NOT NULL,
  `fazenda_id` int NOT NULL,
  `variedade_id` int NOT NULL,
  `tipo_atividade` varchar(20) NOT NULL,
  `quantidade_pallets` int NOT NULL,
  `created_at` timestamp NULL DEFAULT CURRENT_TIMESTAMP,
  `updated_at` timestamp NULL DEFAULT CURRENT_TIMESTAMP ON UPDATE CURRENT_TIMESTAMP,
  `classificacao_id` int DEFAULT NULL,
  PRIMARY KEY (`id`),
  KEY `produtor_id` (`produtor_id`),
  KEY `fazenda_id` (`fazenda_id`),
  KEY `variedade_id` (`variedade_id`),
  KEY `fk_atividade_classificacao` (`classificacao_id`),
  CONSTRAINT `atividade_ibfk_2` FOREIGN KEY (`fazenda_id`) REFERENCES `fazenda` (`id`),
  CONSTRAINT `atividade_ibfk_3` FOREIGN KEY (`variedade_id`) REFERENCES `variedade` (`id`),
  CONSTRAINT `atividade_produtor_fk` FOREIGN KEY (`produtor_id`) REFERENCES `produtor` (`id`),
  CONSTRAINT `fk_atividade_classificacao` FOREIGN KEY (`classificacao_id`) REFERENCES `classificacao_uva` (`id`)
) ENGINE=InnoDB AUTO_INCREMENT=18 DEFAULT CHARSET=utf8mb4 COLLATE=utf8mb4_0900_ai_ci;
/*!40101 SET character_set_client = @saved_cs_client */;

--
-- Dumping data for table `atividade`
--

LOCK TABLES `atividade` WRITE;
/*!40000 ALTER TABLE `atividade` DISABLE KEYS */;
INSERT INTO `atividade` VALUES (1,1,3,3,'EMBALAGEM',10,'2025-02-08 18:09:34','2025-02-08 15:25:03',NULL),(2,7,621,3,'EMBALAGEM',10,'2025-02-08 18:57:55','2025-02-08 18:57:55',NULL),(3,11,369,4,'EMBALAGEM',10,'2025-02-08 19:00:09','2025-02-08 19:00:09',NULL),(4,1,270,3,'COLHEITA',0,'2025-02-08 19:07:22','2025-02-08 19:07:22',NULL),(5,1,274,1,'COLHEITA',0,'2025-02-08 19:07:31','2025-02-08 19:07:31',NULL),(6,1,270,3,'COLHEITA',0,'2025-02-08 19:10:21','2025-02-08 19:10:21',NULL),(7,1,271,1,'EMBALAGEM',25,'2025-02-08 19:10:28','2025-02-08 19:10:28',NULL),(8,11,369,4,'COLHEITA',0,'2025-02-08 19:14:00','2025-02-08 19:14:00',NULL),(9,11,369,4,'COLHEITA',0,'2025-02-08 19:14:07','2025-02-08 19:14:07',NULL),(10,1,269,2,'COLHEITA',0,'2025-02-08 19:14:16','2025-02-08 19:14:16',NULL),(11,1,268,1,'COLHEITA',0,'2025-02-08 19:23:04','2025-02-08 19:23:04',NULL),(12,1,268,1,'EMBALAGEM',5,'2025-02-08 19:30:27','2025-02-08 19:30:27',NULL),(13,1,281,4,'EMBALAGEM',10,'2025-02-11 09:22:30','2025-02-11 09:22:30',NULL),(14,1,276,3,'EMBALAGEM',10,'2025-02-11 09:31:43','2025-02-11 09:31:43',NULL),(15,1,270,3,'EMBALAGEM',10,'2025-02-11 09:32:48','2025-02-11 09:32:48',NULL),(16,1,288,3,'TRANSPORTE',10,'2025-02-11 09:43:49','2025-02-11 09:43:49',NULL),(17,1,274,1,'EMBALAGEM',10,'2025-02-11 09:58:15','2025-02-11 09:58:15',1);
/*!40000 ALTER TABLE `atividade` ENABLE KEYS */;
UNLOCK TABLES;

--
-- Table structure for table `classificacao_uva`
--

DROP TABLE IF EXISTS `classificacao_uva`;
/*!40101 SET @saved_cs_client     = @@character_set_client */;
/*!50503 SET character_set_client = utf8mb4 */;
CREATE TABLE `classificacao_uva` (
  `id` int NOT NULL AUTO_INCREMENT,
  `classificacao` varchar(50) NOT NULL,
  `caixa` varchar(50) NOT NULL,
  `cinta` varchar(50) DEFAULT NULL,
  `peso` varchar(10) NOT NULL,
  `cumbuca` varchar(20) NOT NULL,
  `created_at` timestamp NULL DEFAULT CURRENT_TIMESTAMP,
  `updated_at` timestamp NULL DEFAULT CURRENT_TIMESTAMP ON UPDATE CURRENT_TIMESTAMP,
  PRIMARY KEY (`id`)
) ENGINE=InnoDB AUTO_INCREMENT=7 DEFAULT CHARSET=utf8mb4 COLLATE=utf8mb4_0900_ai_ci;
/*!40101 SET character_set_client = @saved_cs_client */;

--
-- Dumping data for table `classificacao_uva`
--

LOCK TABLES `classificacao_uva` WRITE;
/*!40000 ALTER TABLE `classificacao_uva` DISABLE KEYS */;
INSERT INTO `classificacao_uva` VALUES (1,'VALEX','VALEX','VALEX','5KG','500G','2025-02-11 05:54:03','2025-02-11 05:54:03'),(2,'VITACE','VITACE','VITACE','5KG','500G','2025-02-11 05:54:03','2025-02-11 05:54:03'),(3,'LINA','LINA','LINA','5KG','500G','2025-02-11 05:54:03','2025-02-11 05:54:03'),(4,'EXTRA','PRETA','GENERICA','5KG','500G','2025-02-11 05:54:03','2025-02-11 05:54:03'),(5,'LININHA','LINA','LININHA','5KG','250G','2025-02-11 05:54:03','2025-02-11 05:54:03'),(6,'VALEX','ISOPOR','-','8KG','SACOLA','2025-02-11 05:54:03','2025-02-11 05:54:03');
/*!40000 ALTER TABLE `classificacao_uva` ENABLE KEYS */;
UNLOCK TABLES;

--
-- Table structure for table `fazenda`
--

DROP TABLE IF EXISTS `fazenda`;
/*!40101 SET @saved_cs_client     = @@character_set_client */;
/*!50503 SET character_set_client = utf8mb4 */;
CREATE TABLE `fazenda` (
  `id` int NOT NULL AUTO_INCREMENT,
  `nome` varchar(100) NOT NULL,
  `area_parcela` varchar(20) NOT NULL,
  `produtor_id` int NOT NULL,
  `variedade_id` int NOT NULL,
  `created_at` timestamp NULL DEFAULT CURRENT_TIMESTAMP,
  `updated_at` timestamp NULL DEFAULT CURRENT_TIMESTAMP ON UPDATE CURRENT_TIMESTAMP,
  `area_total` float DEFAULT NULL COMMENT 'Área total da fazenda em hectares',
  PRIMARY KEY (`id`),
  KEY `produtor_id` (`produtor_id`),
  KEY `variedade_id` (`variedade_id`),
  KEY `idx_fazenda_area_parcela` (`area_parcela`),
  CONSTRAINT `fazenda_ibfk_2` FOREIGN KEY (`variedade_id`) REFERENCES `variedade` (`id`),
  CONSTRAINT `fazenda_produtor_fk` FOREIGN KEY (`produtor_id`) REFERENCES `produtor` (`id`)
) ENGINE=InnoDB AUTO_INCREMENT=631 DEFAULT CHARSET=utf8mb4 COLLATE=utf8mb4_0900_ai_ci;
/*!40101 SET character_set_client = @saved_cs_client */;

--
-- Dumping data for table `fazenda`
--

LOCK TABLES `fazenda` WRITE;
/*!40000 ALTER TABLE `fazenda` DISABLE KEYS */;
INSERT INTO `fazenda` VALUES (268,'FAZENDA PLANALTO','PLANALTO 1',1,1,'2025-02-08 15:57:20','2025-02-08 15:57:20',NULL),(269,'FAZENDA PLANALTO','PLANALTO 1.1',1,2,'2025-02-08 15:57:20','2025-02-08 15:57:20',NULL),(270,'FAZENDA PLANALTO','PLANALTO 10',1,3,'2025-02-08 15:57:20','2025-02-08 15:57:20',NULL),(271,'FAZENDA PLANALTO','PLANALTO 11',1,1,'2025-02-08 15:57:20','2025-02-08 15:57:20',NULL),(272,'FAZENDA PLANALTO','PLANALTO 15',1,4,'2025-02-08 15:57:20','2025-02-08 15:57:20',NULL),(273,'FAZENDA PLANALTO','PLANALTO 16',1,4,'2025-02-08 15:57:20','2025-02-08 15:57:20',NULL),(274,'FAZENDA PLANALTO','PLANALTO 2',1,1,'2025-02-08 15:57:20','2025-02-08 15:57:20',NULL),(275,'FAZENDA PLANALTO','PLANALTO 25',1,3,'2025-02-08 15:57:20','2025-02-08 15:57:20',NULL),(276,'FAZENDA PLANALTO','PLANALTO 26',1,3,'2025-02-08 15:57:20','2025-02-08 15:57:20',NULL),(277,'FAZENDA PLANALTO','PLANALTO 27',1,3,'2025-02-08 15:57:20','2025-02-08 15:57:20',NULL),(278,'FAZENDA PLANALTO','PLANALTO 28',1,3,'2025-02-08 15:57:20','2025-02-08 15:57:20',NULL),(279,'FAZENDA PLANALTO','PLANALTO 29',1,3,'2025-02-08 15:57:20','2025-02-08 15:57:20',NULL),(280,'FAZENDA PLANALTO','PLANALTO 2A',1,4,'2025-02-08 15:57:20','2025-02-08 15:57:20',NULL),(281,'FAZENDA PLANALTO','PLANALTO 2B',1,4,'2025-02-08 15:57:20','2025-02-08 15:57:20',NULL),(282,'FAZENDA PLANALTO','PLANALTO 3',1,1,'2025-02-08 15:57:20','2025-02-08 15:57:20',NULL),(283,'FAZENDA PLANALTO','PLANALTO 30',1,3,'2025-02-08 15:57:20','2025-02-08 15:57:20',NULL),(284,'FAZENDA PLANALTO','PLANALTO 31',1,3,'2025-02-08 15:57:20','2025-02-08 15:57:20',NULL),(285,'FAZENDA PLANALTO','PLANALTO 32',1,3,'2025-02-08 15:57:20','2025-02-08 15:57:20',NULL),(286,'FAZENDA PLANALTO','PLANALTO 33',1,3,'2025-02-08 15:57:20','2025-02-08 15:57:20',NULL),(287,'FAZENDA PLANALTO','PLANALTO 34',1,3,'2025-02-08 15:57:20','2025-02-08 15:57:20',NULL),(288,'FAZENDA PLANALTO','PLANALTO 35',1,3,'2025-02-08 15:57:20','2025-02-08 15:57:20',NULL),(289,'FAZENDA PLANALTO','PLANALTO 36',1,3,'2025-02-08 15:57:20','2025-02-08 15:57:20',NULL),(290,'FAZENDA PLANALTO','PLANALTO 37',1,3,'2025-02-08 15:57:20','2025-02-08 15:57:20',NULL),(291,'FAZENDA PLANALTO','PLANALTO 38',1,3,'2025-02-08 15:57:20','2025-02-08 15:57:20',NULL),(292,'FAZENDA PLANALTO','PLANALTO 39',1,3,'2025-02-08 15:57:20','2025-02-08 15:57:20',NULL),(293,'FAZENDA PLANALTO','PLANALTO 3A',1,3,'2025-02-08 15:57:20','2025-02-08 15:57:20',NULL),(294,'FAZENDA PLANALTO','PLANALTO 3B',1,3,'2025-02-08 15:57:20','2025-02-08 15:57:20',NULL),(295,'FAZENDA PLANALTO','PLANALTO 4',1,4,'2025-02-08 15:57:20','2025-02-08 15:57:20',NULL),(296,'FAZENDA PLANALTO','PLANALTO 40',1,3,'2025-02-08 15:57:20','2025-02-08 15:57:20',NULL),(297,'FAZENDA PLANALTO','PLANALTO 9',1,3,'2025-02-08 15:57:20','2025-02-08 15:57:20',NULL),(298,'NICOLE FRUITS','A 1',3,3,'2025-02-08 15:57:20','2025-02-08 15:57:20',NULL),(299,'NICOLE FRUITS','A 2.1',3,1,'2025-02-08 15:57:20','2025-02-08 15:57:20',NULL),(300,'NICOLE FRUITS','A 2.2',3,1,'2025-02-08 15:57:20','2025-02-08 15:57:20',NULL),(301,'NICOLE FRUITS','A 2.3',3,2,'2025-02-08 15:57:20','2025-02-08 15:57:20',NULL),(302,'NICOLE FRUITS','A 3',3,5,'2025-02-08 15:57:20','2025-02-08 15:57:20',NULL),(303,'NICOLE FRUITS','A 3.1',3,5,'2025-02-08 15:57:20','2025-02-08 15:57:20',NULL),(304,'NICOLE FRUITS','A 3.2',3,5,'2025-02-08 15:57:20','2025-02-08 15:57:20',NULL),(305,'NICOLE FRUITS','A 4',3,3,'2025-02-08 15:57:20','2025-02-08 15:57:20',NULL),(306,'NICOLE FRUITS','A 5',3,3,'2025-02-08 15:57:20','2025-02-08 15:57:20',NULL),(307,'NICOLE FRUITS','A A2.1',3,2,'2025-02-08 15:57:20','2025-02-08 15:57:20',NULL),(308,'NICOLE FRUITS','A A4.1',3,5,'2025-02-08 15:57:20','2025-02-08 15:57:20',NULL),(309,'NICOLE FRUITS','C 1',3,3,'2025-02-08 15:57:20','2025-02-08 15:57:20',NULL),(310,'NICOLE FRUITS','C 2',3,5,'2025-02-08 15:57:20','2025-02-08 15:57:20',NULL),(311,'NICOLE FRUITS','C 2.1',3,5,'2025-02-08 15:57:20','2025-02-08 15:57:20',NULL),(312,'NICOLE FRUITS','C 3',3,3,'2025-02-08 15:57:20','2025-02-08 15:57:20',NULL),(313,'NICOLE FRUITS','C 4',3,3,'2025-02-08 15:57:20','2025-02-08 15:57:20',NULL),(314,'NICOLE FRUITS','C 5',3,3,'2025-02-08 15:57:20','2025-02-08 15:57:20',NULL),(315,'NICOLE FRUITS','C 6',3,4,'2025-02-08 15:57:20','2025-02-08 15:57:20',NULL),(316,'NICOLE FRUITS','N 1',3,4,'2025-02-08 15:57:20','2025-02-08 15:57:20',NULL),(317,'NICOLE FRUITS','N 2',3,5,'2025-02-08 15:57:20','2025-02-08 15:57:20',NULL),(318,'NICOLE FRUITS','N 2.1',3,5,'2025-02-08 15:57:20','2025-02-08 15:57:20',NULL),(319,'NICOLE FRUITS','N 3',3,3,'2025-02-08 15:57:20','2025-02-08 15:57:20',NULL),(320,'NICOLE FRUITS','N 4',3,4,'2025-02-08 15:57:20','2025-02-08 15:57:20',NULL),(321,'NICOLE FRUITS','N 5',3,3,'2025-02-08 15:57:20','2025-02-08 15:57:20',NULL),(322,'NICOLE FRUITS','N 6',3,3,'2025-02-08 15:57:20','2025-02-08 15:57:20',NULL),(323,'NICOLE FRUITS','N 7',3,6,'2025-02-08 15:57:20','2025-02-08 15:57:20',NULL),(324,'NICOLE FRUITS','N 8',3,3,'2025-02-08 15:57:20','2025-02-08 15:57:20',NULL),(325,'NICOLE FRUITS','N 9',3,3,'2025-02-08 15:57:20','2025-02-08 15:57:20',NULL),(326,'MACEDO FRUTICULTURA','AREA A 1',8,3,'2025-02-08 15:57:20','2025-02-08 15:57:20',NULL),(327,'MACEDO FRUTICULTURA','AREA A 2',8,3,'2025-02-08 15:57:20','2025-02-08 15:57:20',NULL),(328,'MACEDO FRUTICULTURA','AREA A 3',8,3,'2025-02-08 15:57:20','2025-02-08 15:57:20',NULL),(329,'MACEDO FRUTICULTURA','AREA A 4',8,3,'2025-02-08 15:57:20','2025-02-08 15:57:20',NULL),(330,'MACEDO FRUTICULTURA','AREA A 5',8,1,'2025-02-08 15:57:20','2025-02-08 15:57:20',NULL),(331,'MACEDO FRUTICULTURA','AREA A 5.1',8,2,'2025-02-08 15:57:20','2025-02-08 15:57:20',NULL),(332,'MACEDO FRUTICULTURA','AREA A 6',8,3,'2025-02-08 15:57:20','2025-02-08 15:57:20',NULL),(333,'MACEDO FRUTICULTURA','AREA B 1',8,3,'2025-02-08 15:57:20','2025-02-08 15:57:20',NULL),(334,'MACEDO FRUTICULTURA','AREA B 2',8,3,'2025-02-08 15:57:20','2025-02-08 15:57:20',NULL),(335,'MACEDO FRUTICULTURA','AREA B 3',8,3,'2025-02-08 15:57:20','2025-02-08 15:57:20',NULL),(336,'MACEDO FRUTICULTURA','AREA B 4',8,1,'2025-02-08 15:57:20','2025-02-08 15:57:20',NULL),(337,'MACEDO FRUTICULTURA','AREA B 4.1',8,2,'2025-02-08 15:57:20','2025-02-08 15:57:20',NULL),(338,'MACEDO FRUTICULTURA','AREA C 1',8,3,'2025-02-08 15:57:20','2025-02-08 15:57:20',NULL),(339,'MACEDO FRUTICULTURA','AREA C 2',8,3,'2025-02-08 15:57:20','2025-02-08 15:57:20',NULL),(340,'MACEDO FRUTICULTURA','AREA C 3',8,3,'2025-02-08 15:57:20','2025-02-08 15:57:20',NULL),(341,'DIVINA PASTORA','AREA A 1',9,3,'2025-02-08 15:57:20','2025-02-08 15:57:20',NULL),(342,'DIVINA PASTORA','AREA A 10',9,3,'2025-02-08 15:57:20','2025-02-08 15:57:20',NULL),(343,'DIVINA PASTORA','AREA A 11',9,3,'2025-02-08 15:57:20','2025-02-08 15:57:20',NULL),(344,'DIVINA PASTORA','AREA A 12',9,3,'2025-02-08 15:57:20','2025-02-08 15:57:20',NULL),(345,'DIVINA PASTORA','AREA A 2',9,3,'2025-02-08 15:57:20','2025-02-08 15:57:20',NULL),(346,'DIVINA PASTORA','AREA A 3',9,3,'2025-02-08 15:57:20','2025-02-08 15:57:20',NULL),(347,'DIVINA PASTORA','AREA A 4',9,3,'2025-02-08 15:57:20','2025-02-08 15:57:20',NULL),(348,'DIVINA PASTORA','AREA A 5',9,3,'2025-02-08 15:57:20','2025-02-08 15:57:20',NULL),(349,'DIVINA PASTORA','AREA A 6',9,3,'2025-02-08 15:57:20','2025-02-08 15:57:20',NULL),(350,'DIVINA PASTORA','AREA A 7',9,3,'2025-02-08 15:57:20','2025-02-08 15:57:20',NULL),(351,'DIVINA PASTORA','AREA A 8',9,3,'2025-02-08 15:57:20','2025-02-08 15:57:20',NULL),(352,'DIVINA PASTORA','AREA A 9',9,3,'2025-02-08 15:57:20','2025-02-08 15:57:20',NULL),(353,'DIVINA PASTORA','AREA B 1',9,1,'2025-02-08 15:57:20','2025-02-08 15:57:20',NULL),(354,'DIVINA PASTORA','AREA B 10',9,4,'2025-02-08 15:57:20','2025-02-08 15:57:20',NULL),(355,'DIVINA PASTORA','AREA B 2',9,1,'2025-02-08 15:57:20','2025-02-08 15:57:20',NULL),(356,'DIVINA PASTORA','AREA B 2.1',9,2,'2025-02-08 15:57:20','2025-02-08 15:57:20',NULL),(357,'DIVINA PASTORA','AREA B 3',9,1,'2025-02-08 15:57:20','2025-02-08 15:57:20',NULL),(358,'DIVINA PASTORA','AREA B 4',9,4,'2025-02-08 15:57:20','2025-02-08 15:57:20',NULL),(359,'DIVINA PASTORA','AREA B 5',9,4,'2025-02-08 15:57:20','2025-02-08 15:57:20',NULL),(360,'DIVINA PASTORA','AREA B 9',9,4,'2025-02-08 15:57:20','2025-02-08 15:57:20',NULL),(361,'DIVINA PASTORA','AREA C 1',9,3,'2025-02-08 15:57:20','2025-02-08 15:57:20',NULL),(362,'DIVINA PASTORA','AREA C 2',9,3,'2025-02-08 15:57:20','2025-02-08 15:57:20',NULL),(363,'DIVINA PASTORA','AREA C 3',9,3,'2025-02-08 15:57:20','2025-02-08 15:57:20',NULL),(364,'DIVINA PASTORA','AREA C 4',9,3,'2025-02-08 15:57:20','2025-02-08 15:57:20',NULL),(365,'DIVINA PASTORA','AREA D 1',9,7,'2025-02-08 15:57:20','2025-02-08 15:57:20',NULL),(366,'DIVINA PASTORA','AREA D 2',9,7,'2025-02-08 15:57:20','2025-02-08 15:57:20',NULL),(367,'DIVINA PASTORA','AREA D 3',9,7,'2025-02-08 15:57:20','2025-02-08 15:57:20',NULL),(368,'DIVINA PASTORA','AREA D 4',9,7,'2025-02-08 15:57:20','2025-02-08 15:57:20',NULL),(369,'VINES','AREA A 1',11,4,'2025-02-08 15:57:20','2025-02-08 15:57:20',NULL),(370,'VINES','AREA A 2',11,4,'2025-02-08 15:57:20','2025-02-08 15:57:20',NULL),(371,'VINES','AREA A 3',11,4,'2025-02-08 15:57:20','2025-02-08 15:57:20',NULL),(372,'VINES','AREA B 1',11,4,'2025-02-08 15:57:20','2025-02-08 15:57:20',NULL),(373,'VINES','AREA B 2',11,4,'2025-02-08 15:57:20','2025-02-08 15:57:20',NULL),(374,'VINES','AREA B 3',11,8,'2025-02-08 15:57:20','2025-02-08 15:57:20',NULL),(375,'VINES','AREA B 4',11,8,'2025-02-08 15:57:20','2025-02-08 15:57:20',NULL),(376,'VINES','AREA B 5',11,8,'2025-02-08 15:57:20','2025-02-08 15:57:20',NULL),(377,'VINES','AREA B 6',11,7,'2025-02-08 15:57:20','2025-02-08 15:57:20',NULL),(378,'VINES','AREA C 1',11,4,'2025-02-08 15:57:20','2025-02-08 15:57:20',NULL),(379,'VINES','AREA C 2',11,4,'2025-02-08 15:57:20','2025-02-08 15:57:20',NULL),(380,'VINES','AREA C 3',11,4,'2025-02-08 15:57:20','2025-02-08 15:57:20',NULL),(381,'VINES','AREA C 4',11,4,'2025-02-08 15:57:20','2025-02-08 15:57:20',NULL),(382,'VINES','AREA C 5',11,4,'2025-02-08 15:57:20','2025-02-08 15:57:20',NULL),(383,'VINES','AREA D 1',11,3,'2025-02-08 15:57:20','2025-02-08 15:57:20',NULL),(384,'VINES','AREA D 2',11,3,'2025-02-08 15:57:20','2025-02-08 15:57:20',NULL),(385,'VINES','AREA D 3',11,3,'2025-02-08 15:57:20','2025-02-08 15:57:20',NULL),(386,'VINES','AREA D 4',11,3,'2025-02-08 15:57:20','2025-02-08 15:57:20',NULL),(387,'VINES','AREA D 5',11,3,'2025-02-08 15:57:20','2025-02-08 15:57:20',NULL),(388,'VINES','AREA E 1',11,3,'2025-02-08 15:57:20','2025-02-08 15:57:20',NULL),(389,'VINES','AREA E 2',11,3,'2025-02-08 15:57:20','2025-02-08 15:57:20',NULL),(390,'VINES','AREA E 3',11,3,'2025-02-08 15:57:20','2025-02-08 15:57:20',NULL),(391,'VINES','AREA E 4',11,3,'2025-02-08 15:57:20','2025-02-08 15:57:20',NULL),(392,'VINES','AREA E 5',11,3,'2025-02-08 15:57:20','2025-02-08 15:57:20',NULL),(393,'VINES','AREA F F1',11,5,'2025-02-08 15:57:20','2025-02-08 15:57:20',NULL),(394,'VINES','AREA F F1.1',11,5,'2025-02-08 15:57:20','2025-02-08 15:57:20',NULL),(395,'VINES','AREA F F2',11,5,'2025-02-08 15:57:20','2025-02-08 15:57:20',NULL),(396,'VINES','AREA F F2.1',11,5,'2025-02-08 15:57:20','2025-02-08 15:57:20',NULL),(397,'VINES','AREA F F3',11,5,'2025-02-08 15:57:20','2025-02-08 15:57:20',NULL),(398,'VINES','AREA F F3.1',11,5,'2025-02-08 15:57:20','2025-02-08 15:57:20',NULL),(399,'VINES','AREA F F4',11,5,'2025-02-08 15:57:20','2025-02-08 15:57:20',NULL),(400,'VINES','AREA F F4.1',11,5,'2025-02-08 15:57:20','2025-02-08 15:57:20',NULL),(401,'VINES','AREA F F5',11,5,'2025-02-08 15:57:20','2025-02-08 15:57:20',NULL),(402,'VINES','AREA F F5.1',11,5,'2025-02-08 15:57:20','2025-02-08 15:57:20',NULL),(403,'VINES','AREA F F6',11,5,'2025-02-08 15:57:20','2025-02-08 15:57:20',NULL),(404,'VINES','AREA F F6.1',11,5,'2025-02-08 15:57:20','2025-02-08 15:57:20',NULL),(405,'VINES','AREA F F7',11,5,'2025-02-08 15:57:20','2025-02-08 15:57:20',NULL),(406,'VINES','AREA F F7.1',11,5,'2025-02-08 15:57:20','2025-02-08 15:57:20',NULL),(407,'VINES','AREA F F8',11,5,'2025-02-08 15:57:20','2025-02-08 15:57:20',NULL),(408,'VINES','AREA F F8.1',11,5,'2025-02-08 15:57:20','2025-02-08 15:57:20',NULL),(409,'VINES','AREA F F9',11,5,'2025-02-08 15:57:20','2025-02-08 15:57:20',NULL),(410,'VINES','AREA F F9.1',11,5,'2025-02-08 15:57:20','2025-02-08 15:57:20',NULL),(411,'VINES','AREA T 1',11,1,'2025-02-08 15:57:20','2025-02-08 15:57:20',NULL),(412,'VINES','AREA T 2',11,2,'2025-02-08 15:57:20','2025-02-08 15:57:20',NULL),(413,'FAZENDA AMARIZ','LOTE 1606 A1',4,3,'2025-02-08 15:57:20','2025-02-08 15:57:20',NULL),(414,'FAZENDA AMARIZ','LOTE 1606 A10',4,3,'2025-02-08 15:57:20','2025-02-08 15:57:20',NULL),(415,'FAZENDA AMARIZ','LOTE 1606 A2',4,3,'2025-02-08 15:57:20','2025-02-08 15:57:20',NULL),(416,'FAZENDA AMARIZ','LOTE 1606 A3',4,3,'2025-02-08 15:57:20','2025-02-08 15:57:20',NULL),(417,'FAZENDA AMARIZ','LOTE 1606 A4',4,3,'2025-02-08 15:57:20','2025-02-08 15:57:20',NULL),(418,'FAZENDA AMARIZ','LOTE 1606 A5',4,3,'2025-02-08 15:57:20','2025-02-08 15:57:20',NULL),(419,'FAZENDA AMARIZ','LOTE 1606 A6',4,3,'2025-02-08 15:57:20','2025-02-08 15:57:20',NULL),(420,'FAZENDA AMARIZ','LOTE 1606 A7',4,3,'2025-02-08 15:57:20','2025-02-08 15:57:20',NULL),(421,'FAZENDA AMARIZ','LOTE 1606 A8',4,3,'2025-02-08 15:57:20','2025-02-08 15:57:20',NULL),(422,'FAZENDA AMARIZ','LOTE 1606 A9',4,3,'2025-02-08 15:57:20','2025-02-08 15:57:20',NULL),(423,'FAZENDA AMARIZ','LOTE 1606 B1',4,4,'2025-02-08 15:57:20','2025-02-08 15:57:20',NULL),(424,'FAZENDA AMARIZ','LOTE 1606 B2',4,4,'2025-02-08 15:57:20','2025-02-08 15:57:20',NULL),(425,'FAZENDA AMARIZ','LOTE 1606 B3',4,4,'2025-02-08 15:57:20','2025-02-08 15:57:20',NULL),(426,'FAZENDA AMARIZ','LOTE 1606 B4',4,4,'2025-02-08 15:57:20','2025-02-08 15:57:20',NULL),(427,'FAZENDA AMARIZ','LOTE 1606 B5',4,7,'2025-02-08 15:57:20','2025-02-08 15:57:20',NULL),(428,'FAZENDA AMARIZ','LOTE 1606 B6',4,7,'2025-02-08 15:57:20','2025-02-08 15:57:20',NULL),(429,'FAZENDA AMARIZ','LOTE 1606 B7',4,3,'2025-02-08 15:57:20','2025-02-08 15:57:20',NULL),(430,'FAZENDA AMARIZ','LOTE 1606 B8',4,3,'2025-02-08 15:57:20','2025-02-08 15:57:20',NULL),(431,'FAZENDA AMARIZ','LOTE 1606 D1',4,7,'2025-02-08 15:57:20','2025-02-08 15:57:20',NULL),(432,'FAZENDA AMARIZ','LOTE 1606 D2',4,7,'2025-02-08 15:57:20','2025-02-08 15:57:20',NULL),(433,'FAZENDA AMARIZ','LOTE 1606 D3',4,7,'2025-02-08 15:57:20','2025-02-08 15:57:20',NULL),(434,'FAZENDA AMARIZ','LOTE 1606 D4',4,7,'2025-02-08 15:57:20','2025-02-08 15:57:20',NULL),(435,'FAZENDA AMARIZ','LOTE 1606 D5',4,7,'2025-02-08 15:57:20','2025-02-08 15:57:20',NULL),(436,'FAZENDA AMARIZ','LOTE 1606 D6',4,7,'2025-02-08 15:57:20','2025-02-08 15:57:20',NULL),(437,'FAZENDA AMARIZ','LOTE 707 A3',4,8,'2025-02-08 15:57:20','2025-02-08 15:57:20',NULL),(438,'FAZENDA AMARIZ','LOTE 707 A4',4,8,'2025-02-08 15:57:20','2025-02-08 15:57:20',NULL),(439,'FAZENDA AMARIZ','LOTE 707 A5',4,9,'2025-02-08 15:57:20','2025-02-08 15:57:20',NULL),(440,'FAZENDA AMARIZ','LOTE 707 A6',4,8,'2025-02-08 15:57:20','2025-02-08 15:57:20',NULL),(441,'FAZENDA AMARIZ','LOTE 707 A7',4,9,'2025-02-08 15:57:20','2025-02-08 15:57:20',NULL),(442,'FAZENDA AMARIZ','LOTE 755 A1',4,3,'2025-02-08 15:57:20','2025-02-08 15:57:20',NULL),(443,'FAZENDA AMARIZ','LOTE 755 A2',4,3,'2025-02-08 15:57:20','2025-02-08 15:57:20',NULL),(444,'FAZENDA AMARIZ','LOTE 755 A3',4,3,'2025-02-08 15:57:20','2025-02-08 15:57:20',NULL),(445,'FAZENDA AMARIZ','LOTE 755 A4',4,3,'2025-02-08 15:57:20','2025-02-08 15:57:20',NULL),(446,'FAZENDA AMARIZ','LOTE 755 A5',4,3,'2025-02-08 15:57:20','2025-02-08 15:57:20',NULL),(447,'FAZENDA AMARIZ','LOTE 755 A6',4,3,'2025-02-08 15:57:20','2025-02-08 15:57:20',NULL),(448,'FAZENDA AMARIZ','LOTE 755 B10',4,3,'2025-02-08 15:57:20','2025-02-08 15:57:20',NULL),(449,'FAZENDA AMARIZ','LOTE 755 B11',4,7,'2025-02-08 15:57:20','2025-02-08 15:57:20',NULL),(450,'FAZENDA AMARIZ','LOTE 755 B12',4,7,'2025-02-08 15:57:20','2025-02-08 15:57:20',NULL),(451,'FAZENDA AMARIZ','LOTE 755 B7',4,3,'2025-02-08 15:57:20','2025-02-08 15:57:20',NULL),(452,'FAZENDA AMARIZ','LOTE 755 B8',4,3,'2025-02-08 15:57:20','2025-02-08 15:57:20',NULL),(453,'FAZENDA AMARIZ','LOTE 755 B9',4,3,'2025-02-08 15:57:20','2025-02-08 15:57:20',NULL),(454,'FAZENDA AMARIZ','LOTE 952 AMG-1',4,1,'2025-02-08 15:57:20','2025-02-08 15:57:20',NULL),(455,'FAZENDA AMARIZ','LOTE 952 AMG-1.1',4,2,'2025-02-08 15:57:20','2025-02-08 15:57:20',NULL),(456,'FAZENDA AMARIZ','LOTE 952 AMG-2',4,1,'2025-02-08 15:57:20','2025-02-08 15:57:20',NULL),(457,'FAZENDA AMARIZ','LOTE 952 AMG-2.2',4,2,'2025-02-08 15:57:20','2025-02-08 15:57:20',NULL),(458,'FAZENDA AMARIZ','LOTE 952 AMG-3',4,2,'2025-02-08 15:57:20','2025-02-08 15:57:20',NULL),(459,'FAZENDA VITORIA N2','N2 10',2,3,'2025-02-08 15:57:20','2025-02-08 15:57:20',NULL),(460,'FAZENDA VITORIA N2','N2 11',2,5,'2025-02-08 15:57:20','2025-02-08 15:57:20',NULL),(461,'FAZENDA VITORIA N2','N2 11.1',2,5,'2025-02-08 15:57:20','2025-02-08 15:57:20',NULL),(462,'FAZENDA VITORIA N2','N2 12',2,3,'2025-02-08 15:57:20','2025-02-08 15:57:20',NULL),(463,'FAZENDA VITORIA N2','N2 A1',2,5,'2025-02-08 15:57:20','2025-02-08 15:57:20',NULL),(464,'FAZENDA VITORIA N2','N2 A1.1',2,5,'2025-02-08 15:57:20','2025-02-08 15:57:20',NULL),(465,'FAZENDA VITORIA N2','N2 A10',2,3,'2025-02-08 15:57:20','2025-02-08 15:57:20',NULL),(466,'FAZENDA VITORIA N2','N2 A11',2,5,'2025-02-08 15:57:20','2025-02-08 15:57:20',NULL),(467,'FAZENDA VITORIA N2','N2 A11.1',2,5,'2025-02-08 15:57:20','2025-02-08 15:57:20',NULL),(468,'FAZENDA VITORIA N2','N2 A12',2,3,'2025-02-08 15:57:20','2025-02-08 15:57:20',NULL),(469,'FAZENDA VITORIA N2','N2 A13',2,6,'2025-02-08 15:57:20','2025-02-08 15:57:20',NULL),(470,'FAZENDA VITORIA N2','N2 A2',2,5,'2025-02-08 15:57:20','2025-02-08 15:57:20',NULL),(471,'FAZENDA VITORIA N2','N2 A2.1',2,5,'2025-02-08 15:57:20','2025-02-08 15:57:20',NULL),(472,'FAZENDA VITORIA N2','N2 A3',2,3,'2025-02-08 15:57:20','2025-02-08 15:57:20',NULL),(473,'FAZENDA VITORIA N2','N2 A4',2,5,'2025-02-08 15:57:20','2025-02-08 15:57:20',NULL),(474,'FAZENDA VITORIA N2','N2 A4.1',2,5,'2025-02-08 15:57:20','2025-02-08 15:57:20',NULL),(475,'FAZENDA VITORIA N2','N2 A5',2,4,'2025-02-08 15:57:20','2025-02-08 15:57:20',NULL),(476,'FAZENDA VITORIA N2','N2 A6',2,5,'2025-02-08 15:57:20','2025-02-08 15:57:20',NULL),(477,'FAZENDA VITORIA N2','N2 A6.1',2,5,'2025-02-08 15:57:20','2025-02-08 15:57:20',NULL),(478,'FAZENDA VITORIA N2','N2 A7',2,5,'2025-02-08 15:57:20','2025-02-08 15:57:20',NULL),(479,'FAZENDA VITORIA N2','N2 A7.1',2,5,'2025-02-08 15:57:20','2025-02-08 15:57:20',NULL),(480,'FAZENDA VITORIA N2','N2 A8',2,3,'2025-02-08 15:57:20','2025-02-08 15:57:20',NULL),(481,'FAZENDA VITORIA N2','N2 A9',2,3,'2025-02-08 15:57:20','2025-02-08 15:57:20',NULL),(482,'FAZENDA VITORIA N3','N3 A1',2,3,'2025-02-08 15:57:20','2025-02-08 15:57:20',NULL),(483,'FAZENDA VITORIA N3','N3 A10',2,3,'2025-02-08 15:57:20','2025-02-08 15:57:20',NULL),(484,'FAZENDA VITORIA N3','N3 A11',2,3,'2025-02-08 15:57:20','2025-02-08 15:57:20',NULL),(485,'FAZENDA VITORIA N3','N3 A12',2,3,'2025-02-08 15:57:20','2025-02-08 15:57:20',NULL),(486,'FAZENDA VITORIA N3','N3 A2',2,3,'2025-02-08 15:57:20','2025-02-08 15:57:20',NULL),(487,'FAZENDA VITORIA N3','N3 A3',2,3,'2025-02-08 15:57:20','2025-02-08 15:57:20',NULL),(488,'FAZENDA VITORIA N3','N3 A4',2,3,'2025-02-08 15:57:20','2025-02-08 15:57:20',NULL),(489,'FAZENDA VITORIA N3','N3 A5',2,3,'2025-02-08 15:57:20','2025-02-08 15:57:20',NULL),(490,'FAZENDA VITORIA N3','N3 A6',2,3,'2025-02-08 15:57:20','2025-02-08 15:57:20',NULL),(491,'FAZENDA VITORIA N3','N3 A7',2,3,'2025-02-08 15:57:20','2025-02-08 15:57:20',NULL),(492,'FAZENDA VITORIA N3','N3 A8',2,3,'2025-02-08 15:57:20','2025-02-08 15:57:20',NULL),(493,'FAZENDA VITORIA N3','N3 A9',2,3,'2025-02-08 15:57:20','2025-02-08 15:57:20',NULL),(494,'FAZENDA VITORIA N3','N3 V10',2,5,'2025-02-08 15:57:20','2025-02-08 15:57:20',NULL),(495,'FAZENDA VITORIA N3','N3 V10.1',2,5,'2025-02-08 15:57:20','2025-02-08 15:57:20',NULL),(496,'FAZENDA VITORIA N3','N3 V11',2,5,'2025-02-08 15:57:20','2025-02-08 15:57:20',NULL),(497,'FAZENDA VITORIA N3','N3 V11.1',2,5,'2025-02-08 15:57:20','2025-02-08 15:57:20',NULL),(498,'FAZENDA VITORIA N3','N3 V12',2,5,'2025-02-08 15:57:20','2025-02-08 15:57:20',NULL),(499,'FAZENDA VITORIA N3','N3 V12.1',2,5,'2025-02-08 15:57:20','2025-02-08 15:57:20',NULL),(500,'FRUTOS DO VALE','LOTE N3 A1',10,4,'2025-02-08 15:57:20','2025-02-08 15:57:20',NULL),(501,'FRUTOS DO VALE','LOTE N3 A2',10,4,'2025-02-08 15:57:20','2025-02-08 15:57:20',NULL),(502,'FRUTOS DO VALE','LOTE N3 A3',10,4,'2025-02-08 15:57:20','2025-02-08 15:57:20',NULL),(503,'FRUTOS DO VALE','LOTE N3 A4',10,4,'2025-02-08 15:57:20','2025-02-08 15:57:20',NULL),(504,'FRUTOS DO VALE','LOTE N3 A5',10,4,'2025-02-08 15:57:20','2025-02-08 15:57:20',NULL),(505,'FRUTOS DO VALE','LOTE N3 B1',10,3,'2025-02-08 15:57:20','2025-02-08 15:57:20',NULL),(506,'FRUTOS DO VALE','LOTE N3 B2',10,3,'2025-02-08 15:57:20','2025-02-08 15:57:20',NULL),(507,'FRUTOS DO VALE','LOTE N3 B3',10,3,'2025-02-08 15:57:20','2025-02-08 15:57:20',NULL),(508,'FRUTOS DO VALE','LOTE N3 C1',10,8,'2025-02-08 15:57:20','2025-02-08 15:57:20',NULL),(509,'FRUTOS DO VALE','LOTE N3 C2',10,8,'2025-02-08 15:57:20','2025-02-08 15:57:20',NULL),(510,'FRUTOS DO VALE','LOTE N3 C3',10,3,'2025-02-08 15:57:20','2025-02-08 15:57:20',NULL),(511,'FRUTOS DO VALE','LOTE N3 C4',10,3,'2025-02-08 15:57:20','2025-02-08 15:57:20',NULL),(512,'FRUTOS DO VALE','LOTE N3 D1',10,3,'2025-02-08 15:57:20','2025-02-08 15:57:20',NULL),(513,'FRUTOS DO VALE','LOTE N3 D2',10,3,'2025-02-08 15:57:20','2025-02-08 15:57:20',NULL),(514,'FRUTOS DO VALE','LOTE N3 D3',10,3,'2025-02-08 15:57:20','2025-02-08 15:57:20',NULL),(515,'FRUTOS DO VALE','LOTE N3 D4',10,3,'2025-02-08 15:57:20','2025-02-08 15:57:20',NULL),(516,'FRUTOS DO VALE','LOTE N3 D5',10,3,'2025-02-08 15:57:20','2025-02-08 15:57:20',NULL),(517,'FRUTOS DO VALE','LOTE N3 E1',10,3,'2025-02-08 15:57:20','2025-02-08 15:57:20',NULL),(518,'FRUTOS DO VALE','LOTE N3 E2',10,3,'2025-02-08 15:57:20','2025-02-08 15:57:20',NULL),(519,'FRUTOS DO VALE','LOTE N3 E3',10,3,'2025-02-08 15:57:20','2025-02-08 15:57:20',NULL),(520,'LOTE ANJO GABRIEL PAI','G 6',10,9,'2025-02-08 15:57:20','2025-02-08 15:57:20',NULL),(521,'FRUTOS DO VALE N07','A 1',10,3,'2025-02-08 15:57:20','2025-02-08 15:57:20',NULL),(522,'FRUTOS DO VALE N07','A 2',10,3,'2025-02-08 15:57:20','2025-02-08 15:57:20',NULL),(523,'FRUTOS DO VALE N07','A 3',10,3,'2025-02-08 15:57:20','2025-02-08 15:57:20',NULL),(524,'FRUTOS DO VALE N07','A 4',10,3,'2025-02-08 15:57:20','2025-02-08 15:57:20',NULL),(525,'FRUTOS DO VALE N07','A 5',10,3,'2025-02-08 15:57:20','2025-02-08 15:57:20',NULL),(526,'FRUTOS DO VALE N07','B 1',10,3,'2025-02-08 15:57:20','2025-02-08 15:57:20',NULL),(527,'FRUTOS DO VALE N07','B 2',10,3,'2025-02-08 15:57:20','2025-02-08 15:57:20',NULL),(528,'FRUTOS DO VALE N07','B 3',10,3,'2025-02-08 15:57:20','2025-02-08 15:57:20',NULL),(529,'FRUTOS DO VALE N07','B 4',10,3,'2025-02-08 15:57:20','2025-02-08 15:57:20',NULL),(530,'FRUTOS DO VALE N07','B 5',10,3,'2025-02-08 15:57:20','2025-02-08 15:57:20',NULL),(531,'FRUTOS DO VALE N07','C 1',10,4,'2025-02-08 15:57:20','2025-02-08 15:57:20',NULL),(532,'FRUTOS DO VALE N07','C 2',10,4,'2025-02-08 15:57:20','2025-02-08 15:57:20',NULL),(533,'FRUTOS DO VALE N07','C 3',10,4,'2025-02-08 15:57:20','2025-02-08 15:57:20',NULL),(534,'FRUTOS DO VALE N07','C 4',10,4,'2025-02-08 15:57:20','2025-02-08 15:57:20',NULL),(535,'FRUTOS DO VALE N07','C 5',10,4,'2025-02-08 15:57:20','2025-02-08 15:57:20',NULL),(536,'FRUTOS DO VALE N07','D 1',10,5,'2025-02-08 15:57:20','2025-02-08 15:57:20',NULL),(537,'FRUTOS DO VALE N07','D 1.1',10,5,'2025-02-08 15:57:20','2025-02-08 15:57:20',NULL),(538,'FRUTOS DO VALE N07','D 2',10,5,'2025-02-08 15:57:20','2025-02-08 15:57:20',NULL),(539,'FRUTOS DO VALE N07','D 2.1',10,5,'2025-02-08 15:57:20','2025-02-08 15:57:20',NULL),(540,'FRUTOS DO VALE N07','D 3',10,5,'2025-02-08 15:57:20','2025-02-08 15:57:20',NULL),(541,'FRUTOS DO VALE N07','D 3.1',10,5,'2025-02-08 15:57:20','2025-02-08 15:57:20',NULL),(542,'FRUTOS DO VALE N07','D 4',10,5,'2025-02-08 15:57:20','2025-02-08 15:57:20',NULL),(543,'FRUTOS DO VALE N07','D 4.1',10,5,'2025-02-08 15:57:20','2025-02-08 15:57:20',NULL),(544,'FRUTOS DO VALE N07','D 5',10,5,'2025-02-08 15:57:20','2025-02-08 15:57:20',NULL),(545,'FRUTOS DO VALE N07','D 5.1',10,5,'2025-02-08 15:57:20','2025-02-08 15:57:20',NULL),(546,'FRUTOS DO VALE N07','D 6',10,5,'2025-02-08 15:57:20','2025-02-08 15:57:20',NULL),(547,'FRUTOS DO VALE N07','D 6.1',10,5,'2025-02-08 15:57:20','2025-02-08 15:57:20',NULL),(548,'FRUTOS DO VALE N07','D 7',10,5,'2025-02-08 15:57:20','2025-02-08 15:57:20',NULL),(549,'FRUTOS DO VALE N07','D 7.1',10,5,'2025-02-08 15:57:20','2025-02-08 15:57:20',NULL),(550,'FRUTOS DO VALE N07','D 8',10,5,'2025-02-08 15:57:20','2025-02-08 15:57:20',NULL),(551,'FRUTOS DO VALE N07','D 8.1',10,5,'2025-02-08 15:57:20','2025-02-08 15:57:20',NULL),(552,'FRUTICULTURA MACEDO','A 1',5,3,'2025-02-08 15:57:20','2025-02-08 15:57:20',NULL),(553,'FRUTICULTURA MACEDO','A 2',5,3,'2025-02-08 15:57:20','2025-02-08 15:57:20',NULL),(554,'FRUTICULTURA MACEDO','A 3',5,3,'2025-02-08 15:57:20','2025-02-08 15:57:20',NULL),(555,'FRUTICULTURA MACEDO','A 4',5,3,'2025-02-08 15:57:20','2025-02-08 15:57:20',NULL),(556,'FRUTICULTURA MACEDO','A 5',5,1,'2025-02-08 15:57:20','2025-02-08 15:57:20',NULL),(557,'FRUTICULTURA MACEDO','A 6',5,3,'2025-02-08 15:57:20','2025-02-08 15:57:20',NULL),(558,'FRUTICULTURA MACEDO','B 1',5,3,'2025-02-08 15:57:20','2025-02-08 15:57:20',NULL),(559,'FRUTICULTURA MACEDO','B 2',5,3,'2025-02-08 15:57:20','2025-02-08 15:57:20',NULL),(560,'FRUTICULTURA MACEDO','B 3',5,3,'2025-02-08 15:57:20','2025-02-08 15:57:20',NULL),(561,'FRUTICULTURA MACEDO','B 4',5,1,'2025-02-08 15:57:20','2025-02-08 15:57:20',NULL),(562,'FRUTICULTURA MACEDO','C 1',5,3,'2025-02-08 15:57:20','2025-02-08 15:57:20',NULL),(563,'FRUTICULTURA MACEDO','C 2',5,3,'2025-02-08 15:57:20','2025-02-08 15:57:20',NULL),(564,'FRUTICULTURA MACEDO','C 3',5,3,'2025-02-08 15:57:20','2025-02-08 15:57:20',NULL),(565,'FAZENDA PAI E FILHO AMARIZ LOTE 745','AREA 1 1',12,3,'2025-02-08 15:57:20','2025-02-08 15:57:20',NULL),(566,'FAZENDA PAI E FILHO AMARIZ LOTE 745','AREA 1 10',12,3,'2025-02-08 15:57:20','2025-02-08 15:57:20',NULL),(567,'FAZENDA PAI E FILHO AMARIZ LOTE 745','AREA 1 2',12,3,'2025-02-08 15:57:20','2025-02-08 15:57:20',NULL),(568,'FAZENDA PAI E FILHO AMARIZ LOTE 745','AREA 1 3',12,3,'2025-02-08 15:57:20','2025-02-08 15:57:20',NULL),(569,'FAZENDA PAI E FILHO AMARIZ LOTE 745','AREA 1 4',12,3,'2025-02-08 15:57:20','2025-02-08 15:57:20',NULL),(570,'FAZENDA PAI E FILHO AMARIZ LOTE 745','AREA 1 5',12,3,'2025-02-08 15:57:20','2025-02-08 15:57:20',NULL),(571,'FAZENDA PAI E FILHO AMARIZ LOTE 745','AREA 1 6',12,3,'2025-02-08 15:57:20','2025-02-08 15:57:20',NULL),(572,'FAZENDA PAI E FILHO AMARIZ LOTE 745','AREA 1 7',12,3,'2025-02-08 15:57:20','2025-02-08 15:57:20',NULL),(573,'FAZENDA PAI E FILHO AMARIZ LOTE 745','AREA 1 8',12,3,'2025-02-08 15:57:20','2025-02-08 15:57:20',NULL),(574,'FAZENDA PAI E FILHO AMARIZ LOTE 745','AREA 1 9',12,3,'2025-02-08 15:57:20','2025-02-08 15:57:20',NULL),(575,'FAZENDA PAI E FILHO AMARIZ LOTE744','AREA 1 1',12,3,'2025-02-08 15:57:20','2025-02-08 15:57:20',NULL),(576,'FAZENDA PAI E FILHO AMARIZ LOTE744','AREA 1 10',12,3,'2025-02-08 15:57:20','2025-02-08 15:57:20',NULL),(577,'FAZENDA PAI E FILHO AMARIZ LOTE744','AREA 1 11',12,3,'2025-02-08 15:57:20','2025-02-08 15:57:20',NULL),(578,'FAZENDA PAI E FILHO AMARIZ LOTE744','AREA 1 12',12,3,'2025-02-08 15:57:20','2025-02-08 15:57:20',NULL),(579,'FAZENDA PAI E FILHO AMARIZ LOTE744','AREA 1 2',12,3,'2025-02-08 15:57:20','2025-02-08 15:57:20',NULL),(580,'FAZENDA PAI E FILHO AMARIZ LOTE744','AREA 1 3',12,3,'2025-02-08 15:57:20','2025-02-08 15:57:20',NULL),(581,'FAZENDA PAI E FILHO AMARIZ LOTE744','AREA 1 4',12,3,'2025-02-08 15:57:20','2025-02-08 15:57:20',NULL),(582,'FAZENDA PAI E FILHO AMARIZ LOTE744','AREA 1 5',12,7,'2025-02-08 15:57:20','2025-02-08 15:57:20',NULL),(583,'FAZENDA PAI E FILHO AMARIZ LOTE744','AREA 1 6',12,3,'2025-02-08 15:57:20','2025-02-08 15:57:20',NULL),(584,'FAZENDA PAI E FILHO AMARIZ LOTE744','AREA 1 7',12,4,'2025-02-08 15:57:20','2025-02-08 15:57:20',NULL),(585,'FAZENDA PAI E FILHO AMARIZ LOTE744','AREA 1 8',12,4,'2025-02-08 15:57:20','2025-02-08 15:57:20',NULL),(586,'FAZENDA PAI E FILHO AMARIZ LOTE744','AREA 1 9',12,3,'2025-02-08 15:57:20','2025-02-08 15:57:20',NULL),(587,'45 FAZENDA PAI E FILHO AMARIZ LOTE 783','AREA 1 1',12,3,'2025-02-08 15:57:20','2025-02-08 15:57:20',NULL),(588,'GRAPE VALLE 02','AREA 01 13',6,3,'2025-02-08 15:57:20','2025-02-08 15:57:20',NULL),(589,'GRAPE VALLE 02','AREA 01 14',6,3,'2025-02-08 15:57:20','2025-02-08 15:57:20',NULL),(590,'GRAPE VALLE 02','AREA 01 15',6,3,'2025-02-08 15:57:20','2025-02-08 15:57:20',NULL),(591,'GRAPE VALLE 02','AREA 01 16',6,3,'2025-02-08 15:57:20','2025-02-08 15:57:20',NULL),(592,'GRAPE VALLE 02','AREA 01 17',6,3,'2025-02-08 15:57:20','2025-02-08 15:57:20',NULL),(593,'GRAPE VALLE 02','AREA 01 18',6,6,'2025-02-08 15:57:20','2025-02-08 15:57:20',NULL),(594,'GRAPE VALLE 02','AREA 01 19',6,6,'2025-02-08 15:57:20','2025-02-08 15:57:20',NULL),(595,'GRAPE VALLE 02','AREA 01 20',6,3,'2025-02-08 15:57:20','2025-02-08 15:57:20',NULL),(596,'GRAPE VALLE 02','AREA 01 21',6,3,'2025-02-08 15:57:20','2025-02-08 15:57:20',NULL),(597,'GRAPE VALLE 02','AREA 01 22',6,3,'2025-02-08 15:57:20','2025-02-08 15:57:20',NULL),(598,'GRAPE VALLE 02','AREA 01 23',6,4,'2025-02-08 15:57:20','2025-02-08 15:57:20',NULL),(599,'GRAPE VALLE 02','AREA 01 24',6,4,'2025-02-08 15:57:20','2025-02-08 15:57:20',NULL),(600,'GRAPE VALLE 02','AREA 01 25',6,4,'2025-02-08 15:57:20','2025-02-08 15:57:20',NULL),(601,'GRAPE VALLE 02','AREA 01 26',6,4,'2025-02-08 15:57:20','2025-02-08 15:57:20',NULL),(602,'GRAPE VALLE 02','AREA 01 27',6,4,'2025-02-08 15:57:20','2025-02-08 15:57:20',NULL),(603,'GRAPE VALLE 02','AREA 01 28',6,4,'2025-02-08 15:57:20','2025-02-08 15:57:20',NULL),(604,'GRAPE VALLE','AREA 01 1',6,5,'2025-02-08 15:57:20','2025-02-08 15:57:20',NULL),(605,'GRAPE VALLE','AREA 01 1.1',6,2,'2025-02-08 15:57:20','2025-02-08 15:57:20',NULL),(606,'GRAPE VALLE','AREA 01 10',6,3,'2025-02-08 15:57:20','2025-02-08 15:57:20',NULL),(607,'GRAPE VALLE','AREA 01 11',6,3,'2025-02-08 15:57:20','2025-02-08 15:57:20',NULL),(608,'GRAPE VALLE','AREA 01 12',6,3,'2025-02-08 15:57:20','2025-02-08 15:57:20',NULL),(609,'GRAPE VALLE','AREA 01 2',6,5,'2025-02-08 15:57:20','2025-02-08 15:57:20',NULL),(610,'GRAPE VALLE','AREA 01 2.2',6,2,'2025-02-08 15:57:20','2025-02-08 15:57:20',NULL),(611,'GRAPE VALLE','AREA 01 3',6,5,'2025-02-08 15:57:20','2025-02-08 15:57:20',NULL),(612,'GRAPE VALLE','AREA 01 3.3',6,2,'2025-02-08 15:57:20','2025-02-08 15:57:20',NULL),(613,'GRAPE VALLE','AREA 01 4',6,5,'2025-02-08 15:57:20','2025-02-08 15:57:20',NULL),(614,'GRAPE VALLE','AREA 01 4.4',6,2,'2025-02-08 15:57:20','2025-02-08 15:57:20',NULL),(615,'GRAPE VALLE','AREA 01 5',6,5,'2025-02-08 15:57:20','2025-02-08 15:57:20',NULL),(616,'GRAPE VALLE','AREA 01 5.5',6,2,'2025-02-08 15:57:20','2025-02-08 15:57:20',NULL),(617,'GRAPE VALLE','AREA 01 6',6,3,'2025-02-08 15:57:20','2025-02-08 15:57:20',NULL),(618,'GRAPE VALLE','AREA 01 7',6,3,'2025-02-08 15:57:20','2025-02-08 15:57:20',NULL),(619,'GRAPE VALLE','AREA 01 8',6,3,'2025-02-08 15:57:20','2025-02-08 15:57:20',NULL),(620,'GRAPE VALLE','AREA 01 9',6,3,'2025-02-08 15:57:20','2025-02-08 15:57:20',NULL),(621,'GOMES AGRÍCOLA','A 1',7,3,'2025-02-08 15:57:20','2025-02-08 15:57:20',NULL),(622,'GOMES AGRÍCOLA','A 10',7,3,'2025-02-08 15:57:20','2025-02-08 15:57:20',NULL),(623,'GOMES AGRÍCOLA','A 11',7,3,'2025-02-08 15:57:20','2025-02-08 15:57:20',NULL),(624,'GOMES AGRÍCOLA','A 6',7,3,'2025-02-08 15:57:20','2025-02-08 15:57:20',NULL),(625,'GOMES AGRÍCOLA','A 7',7,3,'2025-02-08 15:57:20','2025-02-08 15:57:20',NULL),(626,'GOMES AGRÍCOLA','A 8',7,3,'2025-02-08 15:57:20','2025-02-08 15:57:20',NULL),(627,'GOMES AGRÍCOLA','A 9',7,3,'2025-02-08 15:57:20','2025-02-08 15:57:20',NULL),(628,'GOMES AGRÍCOLA','B 1',7,3,'2025-02-08 15:57:20','2025-02-08 15:57:20',NULL),(629,'GOMES AGRÍCOLA','B 2',7,3,'2025-02-08 15:57:20','2025-02-08 15:57:20',NULL),(630,'GOMES AGRÍCOLA','B 3',7,3,'2025-02-08 15:57:20','2025-02-08 15:57:20',NULL);
/*!40000 ALTER TABLE `fazenda` ENABLE KEYS */;
UNLOCK TABLES;

--
-- Table structure for table `historico_precos`
--

DROP TABLE IF EXISTS `historico_precos`;
/*!40101 SET @saved_cs_client     = @@character_set_client */;
/*!50503 SET character_set_client = utf8mb4 */;
CREATE TABLE `historico_precos` (
  `id` int NOT NULL AUTO_INCREMENT,
  `variedade_id` int NOT NULL,
  `preco_kg` decimal(10,2) NOT NULL,
  `data_vigencia` date NOT NULL,
  `created_at` timestamp NULL DEFAULT CURRENT_TIMESTAMP,
  PRIMARY KEY (`id`),
  KEY `variedade_id` (`variedade_id`),
  CONSTRAINT `historico_precos_ibfk_1` FOREIGN KEY (`variedade_id`) REFERENCES `variedade` (`id`)
) ENGINE=InnoDB DEFAULT CHARSET=utf8mb4 COLLATE=utf8mb4_0900_ai_ci;
/*!40101 SET character_set_client = @saved_cs_client */;

--
-- Dumping data for table `historico_precos`
--

LOCK TABLES `historico_precos` WRITE;
/*!40000 ALTER TABLE `historico_precos` DISABLE KEYS */;
/*!40000 ALTER TABLE `historico_precos` ENABLE KEYS */;
UNLOCK TABLES;

--
-- Table structure for table `inspecoes`
--

DROP TABLE IF EXISTS `inspecoes`;
/*!40101 SET @saved_cs_client     = @@character_set_client */;
/*!50503 SET character_set_client = utf8mb4 */;
CREATE TABLE `inspecoes` (
  `id` int NOT NULL AUTO_INCREMENT,
  `lote_id` int NOT NULL,
  `tipo_inspecao` enum('pre_colheita','pos_colheita','embalagem') NOT NULL,
  `resultado` enum('aprovado','reprovado','pendente') NOT NULL,
  `observacoes` text,
  `inspetor_id` int NOT NULL,
  `created_at` timestamp NULL DEFAULT CURRENT_TIMESTAMP,
  PRIMARY KEY (`id`),
  KEY `lote_id` (`lote_id`),
  KEY `inspetor_id` (`inspetor_id`),
  CONSTRAINT `inspecoes_ibfk_1` FOREIGN KEY (`lote_id`) REFERENCES `lotes` (`id`),
  CONSTRAINT `inspecoes_ibfk_2` FOREIGN KEY (`inspetor_id`) REFERENCES `usuarios` (`id`)
) ENGINE=InnoDB DEFAULT CHARSET=utf8mb4 COLLATE=utf8mb4_0900_ai_ci;
/*!40101 SET character_set_client = @saved_cs_client */;

--
-- Dumping data for table `inspecoes`
--

LOCK TABLES `inspecoes` WRITE;
/*!40000 ALTER TABLE `inspecoes` DISABLE KEYS */;
/*!40000 ALTER TABLE `inspecoes` ENABLE KEYS */;
UNLOCK TABLES;

--
-- Table structure for table `lotes`
--

DROP TABLE IF EXISTS `lotes`;
/*!40101 SET @saved_cs_client     = @@character_set_client */;
/*!50503 SET character_set_client = utf8mb4 */;
CREATE TABLE `lotes` (
  `id` int NOT NULL AUTO_INCREMENT,
  `codigo` varchar(20) NOT NULL,
  `atividade_id` int NOT NULL,
  `data_colheita` date DEFAULT NULL,
  `data_embalagem` date DEFAULT NULL,
  `data_transporte` date DEFAULT NULL,
  `observacoes` text,
  `created_at` timestamp NULL DEFAULT CURRENT_TIMESTAMP,
  PRIMARY KEY (`id`),
  UNIQUE KEY `codigo` (`codigo`),
  KEY `atividade_id` (`atividade_id`),
  CONSTRAINT `lotes_ibfk_1` FOREIGN KEY (`atividade_id`) REFERENCES `atividade` (`id`)
) ENGINE=InnoDB DEFAULT CHARSET=utf8mb4 COLLATE=utf8mb4_0900_ai_ci;
/*!40101 SET character_set_client = @saved_cs_client */;

--
-- Dumping data for table `lotes`
--

LOCK TABLES `lotes` WRITE;
/*!40000 ALTER TABLE `lotes` DISABLE KEYS */;
/*!40000 ALTER TABLE `lotes` ENABLE KEYS */;
UNLOCK TABLES;

--
-- Table structure for table `produtor`
--

DROP TABLE IF EXISTS `produtor`;
/*!40101 SET @saved_cs_client     = @@character_set_client */;
/*!50503 SET character_set_client = utf8mb4 */;
CREATE TABLE `produtor` (
  `id` int NOT NULL AUTO_INCREMENT,
  `nome` varchar(100) NOT NULL,
  `ggn` varchar(13) DEFAULT NULL,
  `sigla` varchar(5) NOT NULL,
  `created_at` timestamp NULL DEFAULT CURRENT_TIMESTAMP,
  `updated_at` timestamp NULL DEFAULT CURRENT_TIMESTAMP ON UPDATE CURRENT_TIMESTAMP,
  `telefone` varchar(20) DEFAULT NULL COMMENT 'Número de telefone do produtor',
  `endereco` varchar(255) DEFAULT NULL COMMENT 'Endereço completo do produtor',
  PRIMARY KEY (`id`),
  UNIQUE KEY `uk_produtor_ggn` (`ggn`),
  KEY `idx_produtor_nome` (`nome`)
) ENGINE=InnoDB AUTO_INCREMENT=13 DEFAULT CHARSET=utf8mb4 COLLATE=utf8mb4_0900_ai_ci;
/*!40101 SET character_set_client = @saved_cs_client */;

--
-- Dumping data for table `produtor`
--

LOCK TABLES `produtor` WRITE;
/*!40000 ALTER TABLE `produtor` DISABLE KEYS */;
INSERT INTO `produtor` VALUES (1,'ADOLAR JOSE KOEHLER','4059883336481','AJK','2025-02-05 13:13:09','2025-02-08 15:24:32',NULL,NULL),(2,'ALDEMIR DE ARAUJO RODRIGUES','4063651578850','ADA','2025-02-05 13:13:09','2025-02-08 15:24:32',NULL,NULL),(3,'ANDERSON DE CASTRO AMORIM','4059883203837','ADC','2025-02-05 13:13:09','2025-02-08 15:24:32',NULL,NULL),(4,'GERALDO DE ARAUJO AMARIZ','4063061936219','GDA','2025-02-05 13:13:09','2025-02-08 15:24:32',NULL,NULL),(5,'GILDETE ANTUNES DE MACEDO','4063651122213','GAD','2025-02-05 13:13:09','2025-02-08 15:24:32',NULL,NULL),(6,'JAIRO JOSE CAVALCANTI COELHO','4063651423860','JJC','2025-02-05 13:13:09','2025-02-08 15:24:32',NULL,NULL),(7,'MARCELO GOMES PEREIRA','4063651365740','MGP','2025-02-05 13:13:09','2025-02-08 15:24:32',NULL,NULL),(8,'MARCOS ANTONIO DE MACEDO',NULL,'MAD','2025-02-05 13:13:09','2025-02-08 15:24:32',NULL,NULL),(9,'NADIR ANTONIO KOEHLER','4056186801357','NAK','2025-02-05 13:13:09','2025-02-08 15:24:32',NULL,NULL),(10,'REGIVALDO LINO PEREIRA','4063651579666','RLP','2025-02-05 13:13:09','2025-02-08 15:24:32',NULL,NULL),(11,'ROGERIA DE OLIVEIRA SOARES','4063061940087','RDO','2025-02-05 13:13:09','2025-02-08 15:24:32',NULL,NULL),(12,'ROMULO NUNO SANTANA AMARIZ',NULL,'RNS','2025-02-05 13:13:09','2025-02-08 15:24:32',NULL,NULL);
/*!40000 ALTER TABLE `produtor` ENABLE KEYS */;
UNLOCK TABLES;

--
-- Table structure for table `usuarios`
--

DROP TABLE IF EXISTS `usuarios`;
/*!40101 SET @saved_cs_client     = @@character_set_client */;
/*!50503 SET character_set_client = utf8mb4 */;
CREATE TABLE `usuarios` (
  `id` int NOT NULL AUTO_INCREMENT,
  `tipo` enum('gestor','cooperado') NOT NULL,
  `email` varchar(100) NOT NULL,
  `senha_hash` varchar(255) NOT NULL,
  `produtor_id` int DEFAULT NULL,
  `ativo` tinyint(1) DEFAULT '1',
  `ultimo_login` datetime DEFAULT NULL,
  `created_at` timestamp NULL DEFAULT CURRENT_TIMESTAMP,
  `updated_at` timestamp NULL DEFAULT CURRENT_TIMESTAMP ON UPDATE CURRENT_TIMESTAMP,
  PRIMARY KEY (`id`),
  UNIQUE KEY `email` (`email`),
  KEY `produtor_id` (`produtor_id`),
  CONSTRAINT `usuarios_ibfk_1` FOREIGN KEY (`produtor_id`) REFERENCES `produtor` (`id`)
) ENGINE=InnoDB DEFAULT CHARSET=utf8mb4 COLLATE=utf8mb4_0900_ai_ci;
/*!40101 SET character_set_client = @saved_cs_client */;

--
-- Dumping data for table `usuarios`
--

LOCK TABLES `usuarios` WRITE;
/*!40000 ALTER TABLE `usuarios` DISABLE KEYS */;
/*!40000 ALTER TABLE `usuarios` ENABLE KEYS */;
UNLOCK TABLES;

--
-- Table structure for table `variedade`
--

DROP TABLE IF EXISTS `variedade`;
/*!40101 SET @saved_cs_client     = @@character_set_client */;
/*!50503 SET character_set_client = utf8mb4 */;
CREATE TABLE `variedade` (
  `id` int NOT NULL AUTO_INCREMENT,
  `nome` varchar(50) NOT NULL,
  `created_at` timestamp NULL DEFAULT CURRENT_TIMESTAMP,
  `updated_at` timestamp NULL DEFAULT CURRENT_TIMESTAMP ON UPDATE CURRENT_TIMESTAMP,
  PRIMARY KEY (`id`),
  UNIQUE KEY `uk_variedade_nome` (`nome`),
  KEY `idx_variedade_nome` (`nome`)
) ENGINE=InnoDB AUTO_INCREMENT=10 DEFAULT CHARSET=utf8mb4 COLLATE=utf8mb4_0900_ai_ci;
/*!40101 SET character_set_client = @saved_cs_client */;

--
-- Dumping data for table `variedade`
--

LOCK TABLES `variedade` WRITE;
/*!40000 ALTER TABLE `variedade` DISABLE KEYS */;
INSERT INTO `variedade` VALUES (1,'TIMPSON','2025-02-05 12:39:45','2025-02-05 12:39:45'),(2,'SHEEGENE2','2025-02-05 12:39:45','2025-02-05 12:39:45'),(3,'VITORIA','2025-02-05 12:39:45','2025-02-05 12:39:45'),(4,'BRS ISIS','2025-02-05 12:39:45','2025-02-05 12:39:45'),(5,'ARRA15','2025-02-05 12:39:45','2025-02-05 12:39:45'),(6,'BRS MELODIA','2025-02-05 12:39:45','2025-02-05 12:39:45'),(7,'NUBIA','2025-02-05 12:39:45','2025-02-05 12:39:45'),(8,'ITALIA MOSCAT','2025-02-05 12:39:45','2025-02-05 12:39:45'),(9,'BENITAKA MELHORADA','2025-02-05 12:39:45','2025-02-05 12:39:45');
/*!40000 ALTER TABLE `variedade` ENABLE KEYS */;
UNLOCK TABLES;
/*!40103 SET TIME_ZONE=@OLD_TIME_ZONE */;

/*!40101 SET SQL_MODE=@OLD_SQL_MODE */;
/*!40014 SET FOREIGN_KEY_CHECKS=@OLD_FOREIGN_KEY_CHECKS */;
/*!40014 SET UNIQUE_CHECKS=@OLD_UNIQUE_CHECKS */;
/*!40101 SET CHARACTER_SET_CLIENT=@OLD_CHARACTER_SET_CLIENT */;
/*!40101 SET CHARACTER_SET_RESULTS=@OLD_CHARACTER_SET_RESULTS */;
/*!40101 SET COLLATION_CONNECTION=@OLD_COLLATION_CONNECTION */;
/*!40111 SET SQL_NOTES=@OLD_SQL_NOTES */;

-- Dump completed on 2025-02-11  4:17:06
